Antibiotic,vtm_nm,vtm_id,vmp_nm,vmp_id,vmp_atc_route,atc_route,aware_2019,aware_2024
Amikacin,Amikacin liposomal,782421008,Amikacin liposomal 590mg nebuliser dispersion vials with device,39601711000001109,Inhal.solution,,Watch,Watch
Amikacin,Amikacin,774534000,Amikacin 500mg/2ml solution for injection ampoules,44422511000001103,P,,Watch,Watch
Amikacin,Amikacin,774534000,Amikacin 25mg/5ml solution for injection ampoules,44007311000001107,,,Watch,Watch
Amikacin,Amikacin,774534000,Amikacin 500mg/100ml infusion polyethylene bottles,41823511000001108,P,,Watch,Watch
Amikacin,Amikacin,774534000,Amikacin 400micrograms/0.1ml intravitreal injection kit,38244211000001108,,,Watch,Watch
Amikacin,Amikacin,774534000,Amikacin 25mg/5ml solution for injection vials,35111911000001104,,,Watch,Watch
Amikacin,Amikacin,774534000,Amikacin 25mg/5ml solution for injection pre-filled syringes,35104511000001105,,,Watch,Watch
Amikacin,Amikacin,774534000,Amikacin 2.5% eye drops preservative free,33516711000001107,,,Watch,Watch
Amikacin,Amikacin,774534000,Amikacin 500mg/2ml solution for injection vials,35899911000001109,P,,Watch,Watch
Amikacin,Amikacin,774534000,Amikacin 100mg/2ml solution for injection vials,35899811000001104,P,,Watch,Watch
Amoxicillin,Amoxicillin,774586009,Amoxicillin 500mg/50ml infusion bags,34226911000001109,P,,Access,Access
Amoxicillin,Amoxicillin,774586009,Amoxicillin 250mg capsules,39732311000001104,O,,Access,Access
Amoxicillin,Amoxicillin,774586009,Amoxicillin 500mg capsules,39732411000001106,O,,Access,Access
Amoxicillin,Amoxicillin,774586009,Amoxicillin 250mg/5ml oral suspension,41941111000001109,O,,Access,Access
Amoxicillin,Amoxicillin,774586009,Amoxicillin 250mg/5ml oral suspension sugar free,39021911000001105,O,,Access,Access
Amoxicillin,Amoxicillin,774586009,Amoxicillin 125mg/5ml oral suspension,41940811000001105,O,,Access,Access
Amoxicillin,Amoxicillin,774586009,Amoxicillin 125mg/5ml oral suspension sugar free,35901911000001104,O,,Access,Access
Amoxicillin,Amoxicillin,774586009,Amoxicillin 125mg/1.25ml oral suspension paediatric,35368511000001109,O,,Access,Access
Amoxicillin,Amoxicillin,774586009,Amoxicillin 500mg powder for solution for injection vials,41941211000001103,P,,Access,Access
Amoxicillin,Amoxicillin,774586009,Amoxicillin 250mg powder for solution for injection vials,41941011000001108,P,,Access,Access
Amoxicillin,Amoxicillin,774586009,Amoxicillin 1g powder for solution for injection vials,41940911000001100,P,,Access,Access
Amoxicillin,Amoxicillin,774586009,Amoxicillin 3g oral powder sachets sugar free,35902111000001107,O,,Access,Access
Amoxicillin,Amoxicillin,774586009,Amoxicillin 500mg tablets,44456411000001100,O,,Access,Access
Amoxicillin,Amoxicillin,774586009,Amoxicillin 1g dispersible tablets sugar free,38726811000001109,O,,Access,Access
Amoxicillin,Amoxicillin,774586009,Amoxicillin 500mg/5ml oral suspension sugar free,41941311000001106,O,,Access,Access
Ampicillin,Ampicillin,774590006,Ampicillin 250mg capsules,41941511000001100,O,,Access,Access
Ampicillin,Ampicillin,774590006,Ampicillin 500mg capsules,41941711000001105,O,,Access,Access
Ampicillin,Ampicillin,774590006,Ampicillin 125mg/5ml oral suspension,41941411000001104,O,,Access,Access
Ampicillin,Ampicillin,774590006,Ampicillin 250mg/5ml oral suspension,41941611000001101,O,,Access,Access
Ampicillin,Ampicillin,774590006,Ampicillin 500mg powder for solution for injection vials,41941811000001102,P,,Access,Access
Ampicillin,Ampicillin,774590006,Ampicillin 500mg powder for solution for injection vials,41941811000001102,,,Access,Access
Ampicillin,Ampicillin + Flucloxacillin,774592003,,,,,Access,Access
Azithromycin,Azithromycin,774722005,Azithromycin 500mg powder for solution for infusion vials,41942111000001104,P,,Watch,Watch
Azithromycin,Azithromycin,774722005,Azithromycin 500mg tablets,39733511000001103,O,,Watch,Watch
Azithromycin,Azithromycin,774722005,Azithromycin 250mg capsules,41942011000001100,O,,Watch,Watch
Azithromycin,Azithromycin,774722005,Azithromycin 200mg/5ml oral suspension,41941911000001107,O,,Watch,Watch
Azithromycin,Azithromycin,774722005,Azithromycin 250mg tablets,11034311000001100,O,,Watch,Watch
Azithromycin,Azithromycin,774722005,Azithromycin 15mg/g eye drops 0.25g unit dose preservative free,19373411000001100,,,Watch,Watch
Azithromycin,Azithromycin,774722005,Azithromycin 200mg/5ml oral suspension sugar free,29668711000001101,O,,Watch,Watch
Aztreonam,Aztreonam + Avibactam,43796711000001109,Aztreonam 1.5g / Avibactam 500mg powder for solution for infusion vials,43801411000001109,P,,Reserve,Reserve
Aztreonam,Aztreonam,774725007,Aztreonam 75mg powder and solvent for nebuliser solution vials,17463011000001100,Inhal.solution,,Reserve,Reserve
Aztreonam,Aztreonam,774725007,Aztreonam 500mg powder for solution for injection vials,41759611000001105,P,,Reserve,Reserve
Aztreonam,Aztreonam,774725007,Aztreonam 1g powder for solution for injection vials,41759411000001107,P,,Reserve,Reserve
Aztreonam,Aztreonam,774725007,Aztreonam 2g powder for solution for injection vials,41759511000001106,P,,Reserve,Reserve
Aztreonam,Aztreonam,774725007,Aztreonam 75mg powder and solvent for nebuliser solution vials with device,17463411000001109,Inhal.solution,,Reserve,Reserve
Benzathine benzylpenicillin,Benzathine benzylpenicillin,1234764000,Benzathine benzylpenicillin 2.4million unit powder for suspension for injection vials,44168511000001109,P,,Access,Access
Benzathine benzylpenicillin,Benzathine benzylpenicillin,1234764000,Benzathine benzylpenicillin 1.2million unit powder for suspension for injection vials,42683111000001104,P,,Access,Access
Benzathine benzylpenicillin,Benzathine benzylpenicillin,1234764000,Benzathine benzylpenicillin 1.2million unit powder and solvent for suspension for injection vials,10153111000001102,P,,Access,Access
Benzathine benzylpenicillin,Benzathine benzylpenicillin,1234764000,Benzathine benzylpenicillin 2.4million unit powder and solvent for suspension for injection vials,10153211000001108,P,,Access,Access
Benzathine benzylpenicillin,Benzathine benzylpenicillin,1234764000,"Benzathine benzylpenicillin 600,000unit powder and solvent for suspension for injection vials",10150911000001107,P,,Access,Access
Benzylpenicillin,Benzylpenicillin,774826003,Benzylpenicillin sodium 1.2g/50ml infusion bags,22097311000001100,P,,Access,Access
Benzylpenicillin,Benzylpenicillin,774826003,Benzylpenicillin 0.3% eye drops,22085211000001101,,,Access,Access
Benzylpenicillin,Benzylpenicillin,774826003,Benzylpenicillin sodium 600mg/50ml infusion bags,22085911000001105,P,,Access,Access
Benzylpenicillin,Benzylpenicillin,774826003,Benzylpenicillin 0.15% eye drops,21657211000001109,,,Access,Access
Benzylpenicillin,Benzylpenicillin,774826003,Benzylpenicillin 0.3% eye drops preservative free,21658111000001102,,,Access,Access
Benzylpenicillin,Benzylpenicillin,774826003,Benzylpenicillin 0.6% eye drops,21658811000001109,,,Access,Access
Benzylpenicillin,Benzylpenicillin,774826003,Benzylpenicillin 6% eye drops,21659511000001100,,,Access,Access
Benzylpenicillin,Benzylpenicillin,774826003,Benzylpenicillin sodium 600mg powder for solution for injection vials,41942311000001102,P,,Access,Access
Benzylpenicillin,Benzylpenicillin,774826003,Benzylpenicillin sodium 1.2g powder for solution for injection vials,41942211000001105,P,,Access,Access
Cefaclor,Cefaclor,775086009,Cefaclor 250mg capsules,39735011000001107,O,,Watch,Watch
Cefaclor,Cefaclor,775086009,Cefaclor 500mg capsules,39735111000001108,O,,Watch,Watch
Cefaclor,Cefaclor,775086009,Cefaclor 375mg modified-release tablets,36134211000001100,O,,Watch,Watch
Cefaclor,Cefaclor,775086009,Cefaclor 125mg/5ml oral suspension sugar free,36134011000001105,O,,Watch,Watch
Cefaclor,Cefaclor,775086009,Cefaclor 250mg/5ml oral suspension sugar free,36134111000001106,O,,Watch,Watch
Cefaclor,Cefaclor,775086009,Cefaclor 250mg/5ml oral suspension,41942611000001107,O,,Watch,Watch
Cefaclor,Cefaclor,775086009,Cefaclor 125mg/5ml oral suspension,41942511000001108,O,,Watch,Watch
Cefadroxil,Cefadroxil,775087000,Cefadroxil 500mg capsules,39735211000001102,O,,Watch,Access
Cefadroxil,Cefadroxil,775087000,Cefadroxil 125mg/5ml oral suspension,41942711000001103,O,,Watch,Access
Cefadroxil,Cefadroxil,775087000,Cefadroxil 250mg/5ml oral suspension,41942811000001106,O,,Watch,Access
Cefadroxil,Cefadroxil,775087000,Cefadroxil 500mg/5ml oral suspension,41942911000001101,O,,Watch,Access
Cefalexin,Cefalexin,775088005,Cefalexin 250mg/5ml oral suspension,41943111000001105,O,,Watch,Access
Cefalexin,Cefalexin,775088005,Cefalexin 250mg capsules,39735311000001105,O,,Watch,Access
Cefalexin,Cefalexin,775088005,Cefalexin 125mg/5ml oral suspension,41943011000001109,O,,Watch,Access
Cefalexin,Cefalexin,775088005,Cefalexin 500mg capsules,39694811000001102,O,,Watch,Access
Cefalexin,Cefalexin,775088005,Cefalexin 250mg tablets,39684111000001105,O,,Watch,Access
Cefalexin,Cefalexin,775088005,Cefalexin 500mg tablets,39735911000001106,O,,Watch,Access
Cefalexin,Cefalexin,775088005,Cefalexin 500mg/5ml oral suspension,36134311000001108,O,,Watch,Access
Cefalexin,Cefalexin,775088005,Cefalexin 250mg/5ml oral suspension sugar free,4515811000001108,O,,Watch,Access
Cefalexin,Cefalexin,775088005,Cefalexin 125mg/5ml oral suspension sugar free,4865011000001104,O,,Watch,Access
Cefalotin,,,,,,,Watch,Access
Cefamandole,Cefamandole,775090006,Cefamandole 1g powder for solution for injection vials,4457111000001107,P,,Watch,Watch
Cefazolin,Cefazolin,775092003,Cefazolin 1g powder for solution for injection vials,41872611000001103,P,,Watch,Access
Cefazolin,Cefazolin,775092003,Cefazolin 500mg powder for solution for injection vials,41872711000001107,P,,Watch,Access
Cefazolin,Cefazolin,775092003,Cefazolin 2g powder for solution for injection vials,33631211000001106,P,,Watch,Access
Cefepime,Cefepime,775095001,Cefepime 1g powder for solution for injection vials,36458411000001105,P,,Watch,Watch
Cefepime,Cefepime,775095001,Cefepime 2g powder for solution for injection vials,36458511000001109,P,,Watch,Watch
Cefepime,Cefepime + Enmetazobactam,42894211000001100,Cefepime 2g / Enmetazobactam 500mg powder for solution for infusion vials,42894511000001102,P,,Watch,Watch
Cefiderocol,Cefiderocol,830205006,Cefiderocol 1g powder for solution for infusion vials,39002611000001100,P,,Reserve,Reserve
Cefixime,Cefixime,775097009,Cefixime 200mg tablets,41943211000001104,O,,Watch,Watch
Cefixime,Cefixime,775097009,Cefixime 100mg/5ml oral suspension,36134411000001101,O,,Watch,Watch
Cefixime,Cefixime,775097009,Cefixime 400mg tablets,41943311000001107,O,,Watch,Watch
Cefotaxime,Cefotaxime,775103002,Cefotaxime 1g/50ml infusion bags,44009011000001100,P,,Watch,Watch
Cefotaxime,Cefotaxime,775103002,Cefotaxime 2g/100ml infusion bags,44007911000001108,P,,Watch,Watch
Cefotaxime,Cefotaxime,775103002,Cefotaxime 1g powder for solution for injection vials,41943411000001100,P,,Watch,Watch
Cefotaxime,Cefotaxime,775103002,Cefotaxime 500mg powder for solution for injection vials,41943511000001101,P,,Watch,Watch
Cefotaxime,Cefotaxime,775103002,Cefotaxime 2g powder for solution for injection vials,4558311000001100,P,,Watch,Watch
Cefoxitin,Cefoxitin,775107001,Cefoxitin 1g powder for solution for injection vials,41943611000001102,P,,Watch,Watch
Cefoxitin,Cefoxitin,775107001,Cefoxitin 2g powder for solution for injection vials,41943711000001106,P,,Watch,Watch
Cefradine,Cefradine,775112000,Cefradine 250mg capsules,41944511000001103,O,,Watch,Access
Cefradine,Cefradine,775112000,Cefradine 500mg capsules,41944611000001104,O,,Watch,Access
Cefradine,Cefradine,775112000,Cefradine 1g powder for solution for injection vials,41944411000001102,P,,Watch,Access
Cefradine,Cefradine,775112000,Cefradine 500mg powder for solution for injection vials,41944711000001108,P,,Watch,Access
Cefradine,Cefradine,775112000,Cefradine 250mg/5ml oral solution,36134511000001102,O,,Watch,Access
Ceftaroline fosamil,Ceftaroline fosamil,21387311000001104,Ceftaroline fosamil 600mg powder for solution for infusion vials,21386911000001101,P,,Reserve,Reserve
Ceftazidime,Ceftazidime,775115003,Ceftazidime 2mg/0.1ml solution for injection pre-filled syringes,40558111000001101,,,Watch,Watch
Ceftazidime,Ceftazidime,775115003,Ceftazidime 1g/50ml solution for infusion pre-filled injection devices,22455011000001109,P,,Watch,Watch
Ceftazidime,Ceftazidime,775115003,Ceftazidime 1g/50ml infusion bags,22097911000001104,P,,Watch,Watch
Ceftazidime,Ceftazidime,775115003,Ceftazidime 1g/25ml solution for infusion pre-filled syringes,22098511000001105,P,,Watch,Watch
Ceftazidime,Ceftazidime,775115003,Ceftazidime 5% eye drops preservative free,21230911000001100,,,Watch,Watch
Ceftazidime,Ceftazidime,775115003,Ceftazidime 2g intravenous infusion vials,323856006,P,,Watch,Watch
Ceftazidime,Ceftazidime,775115003,Ceftazidime 1g powder for solution for injection vials,41944811000001100,P,,Watch,Watch
Ceftazidime,Ceftazidime,775115003,Ceftazidime 250mg powder for solution for injection vials,41944911000001105,P,,Watch,Watch
Ceftazidime,Ceftazidime,775115003,Ceftazidime 500mg powder for solution for injection vials,41945211000001100,P,,Watch,Watch
Ceftazidime,Ceftazidime,775115003,Ceftazidime 2g powder for solution for injection vials,41945011000001105,P,,Watch,Watch
Ceftazidime,Ceftazidime,775115003,Ceftazidime 3g powder for solution for injection vials,41945111000001106,P,,Watch,Watch
Ceftazidime + Avibactam,Ceftazidime + Avibactam,781300005,Ceftazidime 2g / Avibactam 500mg powder for solution for infusion vials,34179911000001103,P,,Reserve,Reserve
Ceftobiprole,Ceftobiprole,1287090001,Ceftobiprole 500mg powder for solution for infusion vials,31008911000001103,P,,Reserve,Reserve
Ceftolozane + Tazobactam,Ceftolozane + Tazobactam,775119009,Ceftolozane 1g / Tazobactam 500mg powder for solution for infusion vials,31007811000001109,P,,Reserve,Reserve
Ceftriaxone,Ceftriaxone,775120003,Ceftriaxone 2g powder for solution for infusion vials,23107411000001109,P,,Watch,Watch
Ceftriaxone,Ceftriaxone,775120003,Ceftriaxone 1g/50ml infusion bags,22102411000001102,P,,Watch,Watch
Ceftriaxone,Ceftriaxone,775120003,Ceftriaxone 1g powder for solution for injection vials,41945311000001108,P,,Watch,Watch
Ceftriaxone,Ceftriaxone,775120003,Ceftriaxone 250mg powder for solution for injection vials,41945511000001102,P,,Watch,Watch
Ceftriaxone,Ceftriaxone,775120003,Ceftriaxone 2g powder for solution for injection vials,41945611000001103,P,,Watch,Watch
Cefuroxime,Cefuroxime,775121004,Cefuroxime 3mg/0.3ml solution for injection pre-filled syringes,30791311000001104,,,Watch,Watch
Cefuroxime,Cefuroxime,775121004,Cefuroxime 1.5g/50ml infusion bags,35893011000001107,P,,Watch,Watch
Cefuroxime,Cefuroxime,775121004,Cefuroxime 750mg/50ml infusion bags,35893111000001108,P,,Watch,Watch
Cefuroxime,Cefuroxime,775121004,Cefuroxime 1.5g/100ml infusion bags,23683311000001109,P,,Watch,Watch
Cefuroxime,Cefuroxime,775121004,Cefuroxime 300micrograms/0.3ml solution for injection pre-filled syringes,22104011000001100,,,Watch,Watch
Cefuroxime,Cefuroxime,775121004,Cefuroxime 1mg/0.1ml solution for injection pre-filled syringes,22041211000001105,,,Watch,Watch
Cefuroxime,Cefuroxime,775121004,Cefuroxime 50mg powder for solution for injection vials,21797311000001102,,,Watch,Watch
Cefuroxime,Cefuroxime,775121004,Cefuroxime 125mg/5ml oral suspension,41945811000001104,O,,Watch,Watch
Cefuroxime,Cefuroxime,775121004,Cefuroxime 250mg tablets,39694611000001101,O,,Watch,Watch
Cefuroxime,Cefuroxime,775121004,Cefuroxime 125mg tablets,39684511000001101,O,,Watch,Watch
Cefuroxime,Cefuroxime,775121004,Cefuroxime 125mg granules for oral suspension sachets,41945711000001107,O,,Watch,Watch
Cefuroxime,Cefuroxime,775121004,Cefuroxime 750mg powder for solution for injection vials,36134711000001107,P,,Watch,Watch
Cefuroxime,Cefuroxime,775121004,Cefuroxime 1.5g powder for solution for injection vials,4557611000001106,P,,Watch,Watch
Cefuroxime,Cefuroxime,775121004,Cefuroxime 250mg powder for solution for injection vials,41945911000001109,P,,Watch,Watch
Cefuroxime,Cefuroxime,775121004,Cefuroxime 5% eye drops preservative free,36134611000001103,,,Watch,Watch
Cefuroxime,Cefuroxime,775121004,Cefuroxime 5% eye drops,15773911000001101,,,Watch,Watch
Chloramphenicol,Chloramphenicol,775160002,Chloramphenicol 0.5% eye drops,42186611000001102,,,Watch,Watch
Chloramphenicol,Chloramphenicol,775160002,Chloramphenicol 1% eye ointment,42186711000001106,,,Watch,Watch
Chloramphenicol,Chloramphenicol,775160002,Chloramphenicol 5% ear drops,42186911000001108,,,Watch,Watch
Chloramphenicol,Chloramphenicol,775160002,Chloramphenicol 250mg capsules,41946111000001100,O,,Watch,Watch
Chloramphenicol,Chloramphenicol,775160002,Chloramphenicol 10% ear drops,42186811000001103,,,Watch,Watch
Chloramphenicol,Chloramphenicol,775160002,Chloramphenicol 1g powder for solution for injection vials,41946011000001101,P,,Watch,Watch
Chloramphenicol,Chloramphenicol,775160002,Chloramphenicol 0.5% eye drops 0.5ml unit dose preservative free,4700911000001108,,,Watch,Watch
Chloramphenicol,Chloramphenicol,775160002,Chloramphenicol 0.5% eye drops preservative free,36135411000001100,,,Watch,Watch
Cilastatin + Imipenem + Relebactam,Cilastatin + Imipenem + Relebactam,789074009,Generic Recarbrio 500mg/500mg/250mg powder for solution for infusion vials,38840011000001101,P,,Reserve,Reserve
Ciprofloxacin,Ciprofloxacin + Dexamethasone,775262002,Ciprofloxacin 0.3% / Dexamethasone 0.1% ear drops,30780311000001108,,,Watch,Watch
Ciprofloxacin,Ciprofloxacin,775261009,Ciprofloxacin 100mg tablets,39686211000001109,O,,Watch,Watch
Ciprofloxacin,Ciprofloxacin,775261009,Ciprofloxacin 250mg tablets,39687511000001109,O,,Watch,Watch
Ciprofloxacin,Ciprofloxacin,775261009,Ciprofloxacin 500mg tablets,39687811000001107,O,,Watch,Watch
Ciprofloxacin,Ciprofloxacin,775261009,Ciprofloxacin 750mg tablets,39687011000001101,O,,Watch,Watch
Ciprofloxacin,Ciprofloxacin,775261009,Ciprofloxacin 400mg/200ml infusion bags,36141511000001100,P,,Watch,Watch
Ciprofloxacin,Ciprofloxacin,775261009,Ciprofloxacin 200mg/100ml infusion bags,36141011000001108,P,,Watch,Watch
Ciprofloxacin,Ciprofloxacin,775261009,Ciprofloxacin 100mg/50ml solution for infusion bottles,36140911000001100,P,,Watch,Watch
Ciprofloxacin,Ciprofloxacin,775261009,Ciprofloxacin 250mg/5ml oral suspension,41760211000001107,O,,Watch,Watch
Ciprofloxacin,Ciprofloxacin,775261009,Ciprofloxacin 0.3% eye drops,42187111000001108,,,Watch,Watch
Ciprofloxacin,Ciprofloxacin,775261009,Ciprofloxacin 200mg/100ml solution for infusion bottles,8967411000001108,P,,Watch,Watch
Ciprofloxacin,Ciprofloxacin,775261009,Ciprofloxacin 400mg/200ml solution for infusion bottles,8973011000001101,P,,Watch,Watch
Ciprofloxacin,Ciprofloxacin,775261009,Ciprofloxacin 3mg/g eye ointment,9552511000001108,,,Watch,Watch
Ciprofloxacin,Ciprofloxacin,775261009,Ciprofloxacin 100mg/50ml solution for infusion vials,10892711000001106,P,,Watch,Watch
Ciprofloxacin,Ciprofloxacin,775261009,Ciprofloxacin 200mg/100ml solution for infusion vials,10892811000001103,P,,Watch,Watch
Ciprofloxacin,Ciprofloxacin,775261009,Ciprofloxacin 400mg/200ml solution for infusion vials,10892911000001108,P,,Watch,Watch
Ciprofloxacin,Ciprofloxacin,775261009,Ciprofloxacin 45mg/5ml oral suspension,12020411000001104,O,,Watch,Watch
Ciprofloxacin,Ciprofloxacin,775261009,Ciprofloxacin 500mg/5ml oral suspension,12020511000001100,O,,Watch,Watch
Ciprofloxacin,Ciprofloxacin,775261009,Ciprofloxacin 50mg/5ml oral suspension,12020611000001101,O,,Watch,Watch
Ciprofloxacin,Ciprofloxacin,775261009,Ciprofloxacin 60mg/5ml oral suspension,12020711000001105,O,,Watch,Watch
Ciprofloxacin,Ciprofloxacin,775261009,Ciprofloxacin 75mg/5ml oral suspension,12020811000001102,O,,Watch,Watch
Ciprofloxacin,Ciprofloxacin,775261009,Ciprofloxacin 80mg/5ml oral suspension,12020911000001107,O,,Watch,Watch
Ciprofloxacin,Ciprofloxacin,775261009,Ciprofloxacin 100mg/5ml oral suspension,12019511000001104,O,,Watch,Watch
Ciprofloxacin,Ciprofloxacin,775261009,Ciprofloxacin 125mg/5ml oral suspension,12019611000001100,O,,Watch,Watch
Ciprofloxacin,Ciprofloxacin,775261009,Ciprofloxacin 150mg/5ml oral suspension,12019711000001109,O,,Watch,Watch
Ciprofloxacin,Ciprofloxacin,775261009,Ciprofloxacin 165mg/5ml oral suspension,12019811000001101,O,,Watch,Watch
Ciprofloxacin,Ciprofloxacin,775261009,Ciprofloxacin 170mg/5ml oral suspension,12019911000001106,O,,Watch,Watch
Ciprofloxacin,Ciprofloxacin,775261009,Ciprofloxacin 175mg/5ml oral suspension,12020011000001108,O,,Watch,Watch
Ciprofloxacin,Ciprofloxacin,775261009,Ciprofloxacin 20mg/5ml oral suspension,12020111000001109,O,,Watch,Watch
Ciprofloxacin,Ciprofloxacin,775261009,Ciprofloxacin 375mg/5ml oral suspension,12020211000001103,O,,Watch,Watch
Ciprofloxacin,Ciprofloxacin,775261009,Ciprofloxacin 40mg/5ml oral suspension,12020311000001106,O,,Watch,Watch
Ciprofloxacin,Ciprofloxacin,775261009,Ciprofloxacin 0.2% eye drops preservative free,18519011000001100,,,Watch,Watch
Ciprofloxacin,Ciprofloxacin,775261009,Ciprofloxacin 0.3% ear drops,19395211000001107,,,Watch,Watch
Ciprofloxacin,Ciprofloxacin,775261009,Ciprofloxacin 2mg/ml ear drops 0.25ml unit dose preservative free,34941111000001103,,,Watch,Watch
Ciprofloxacin,Ciprofloxacin + Fluocinolone acetonide,35873111000001100,Ciprofloxacin 3mg/ml / Fluocinolone acetonide 0.25mg/ml ear drops 0.25ml unit dose preservative free,35873211000001106,,,Watch,Watch
Clarithromycin,Clarithromycin,775277005,Clarithromycin 2% eye drops preservative free,22389711000001109,,,Watch,Watch
Clarithromycin,Clarithromycin,775277005,Clarithromycin 500mg/250ml infusion bags,22390311000001100,P,,Watch,Watch
Clarithromycin,Clarithromycin,775277005,Clarithromycin 500mg tablets,41946511000001109,O,,Watch,Watch
Clarithromycin,Clarithromycin,775277005,Clarithromycin 250mg tablets,41946311000001103,O,,Watch,Watch
Clarithromycin,Clarithromycin,775277005,Clarithromycin 500mg modified-release tablets,36142611000001107,O,,Watch,Watch
Clarithromycin,Clarithromycin,775277005,Clarithromycin 125mg/5ml oral suspension,35368711000001104,O,,Watch,Watch
Clarithromycin,Clarithromycin,775277005,Clarithromycin 250mg/5ml oral suspension,37083211000001101,O,,Watch,Watch
Clarithromycin,Clarithromycin,775277005,Clarithromycin 500mg powder for solution for infusion vials,41946411000001105,P,,Watch,Watch
Clarithromycin,Clarithromycin,775277005,Clarithromycin 250mg granules for oral suspension sachets,41946211000001106,O,,Watch,Watch
Clarithromycin,Clarithromycin,775277005,Clarithromycin 125mg granules for oral suspension sachets,4977911000001105,O,,Watch,Watch
Clarithromycin,Clarithromycin,775277005,Clarithromycin 125mg granules for oral suspension straws,9742311000001103,O,,Watch,Watch
Clarithromycin,Clarithromycin,775277005,Clarithromycin 187.5mg granules for oral suspension straws,9742411000001105,O,,Watch,Watch
Clarithromycin,Clarithromycin,775277005,Clarithromycin 250mg granules for oral suspension straws,9742511000001109,O,,Watch,Watch
Clindamycin,Benzoyl peroxide + Clindamycin,774812007,Benzoyl peroxide 3% / Clindamycin 1% gel,22683611000001109,,,Watch,Watch
Clindamycin,Benzoyl peroxide + Clindamycin,774812007,Benzoyl peroxide 5% / Clindamycin 1% gel,41737011000001106,,,Watch,Watch
Clindamycin,Clindamycin + Tretinoin,775289007,Clindamycin 1% / Tretinoin 0.025% gel,24535111000001106,,,Watch,Watch
Clindamycin,Clindamycin,775288004,Clindamycin 300mg/50ml infusion bags,38082611000001103,P,,Watch,Watch
Clindamycin,Clindamycin,775288004,Clindamycin 600mg/50ml infusion bags,38082711000001107,P,,Watch,Watch
Clindamycin,Clindamycin,775288004,Clindamycin 2% vaginal cream,39700011000001105,V,,Watch,Watch
Clindamycin,Clindamycin,775288004,Clindamycin 1% alcoholic solution,36142711000001103,,,Watch,Watch
Clindamycin,Clindamycin,775288004,Clindamycin 1% aqueous lotion,37083411000001102,,,Watch,Watch
Clindamycin,Clindamycin,775288004,Clindamycin 150mg capsules,41946611000001108,O,,Watch,Watch
Clindamycin,Clindamycin,775288004,Clindamycin 1% gel,41738311000001105,,,Watch,Watch
Clindamycin,Clindamycin,775288004,Clindamycin 75mg capsules,41946711000001104,O,,Watch,Watch
Clindamycin,Clindamycin,775288004,Clindamycin 300mg/2ml solution for injection ampoules,36087211000001109,P,,Watch,Watch
Clindamycin,Clindamycin,775288004,Clindamycin 600mg/4ml solution for injection ampoules,36087311000001101,P,,Watch,Watch
Clindamycin,Clindamycin,775288004,Clindamycin 75mg/5ml oral solution,27864611000001100,O,,Watch,Watch
Clindamycin,Clindamycin,775288004,Clindamycin 75mg/5ml oral suspension,8360611000001101,O,,Watch,Watch
Clindamycin,Clindamycin,775288004,Clindamycin 120mg/5ml oral solution,12021311000001101,O,,Watch,Watch
Clindamycin,Clindamycin,775288004,Clindamycin 150mg/5ml oral solution,12021411000001108,O,,Watch,Watch
Clindamycin,Clindamycin,775288004,Clindamycin 20mg/5ml oral solution,12021611000001106,O,,Watch,Watch
Clindamycin,Clindamycin,775288004,Clindamycin 300mg/5ml oral solution,12021711000001102,O,,Watch,Watch
Clindamycin,Clindamycin,775288004,Clindamycin 400mg/5ml oral solution,12021811000001105,O,,Watch,Watch
Clindamycin,Clindamycin,775288004,Clindamycin 60mg/5ml oral solution,18519211000001105,O,,Watch,Watch
Clindamycin,Clindamycin,775288004,Clindamycin 300mg capsules,21711211000001104,O,,Watch,Watch
Clindamycin,Clindamycin,775288004,Clindamycin 450mg/5ml oral solution,32748011000001108,O,,Watch,Watch
Clindamycin,Clindamycin,775288004,Clindamycin 150mg/5ml oral suspension,34376711000001103,O,,Watch,Watch
Clindamycin,Clindamycin,775288004,Clindamycin 200mg/5ml oral suspension,34818411000001104,O,,Watch,Watch
Clindamycin,Clindamycin,775288004,Clindamycin 50mg/5ml oral suspension,36458711000001104,O,,Watch,Watch
Clindamycin,Clindamycin,775288004,Clindamycin 100mg/5ml oral suspension,36458611000001108,O,,Watch,Watch
Clindamycin,Clindamycin + Hydrocortisone,22207511000001102,Clindamycin 2% / Hydrocortisone 1% in Aqueous cream,22213811000001108,,,Watch,Watch
Co-amoxiclav,Co-amoxiclav,774587000,Co-amoxiclav 2000mg/200mg powder for solution for infusion vials,41109011000001101,P,,Watch,Watch
Co-amoxiclav,Co-amoxiclav,774587000,Co-amoxiclav 1000mg/200mg/100ml infusion bags,23673611000001106,P,,Watch,Watch
Co-amoxiclav,Co-amoxiclav,774587000,Co-amoxiclav 500mg/100mg/50ml infusion bags,22514411000001103,P,,Watch,Watch
Co-amoxiclav,Co-amoxiclav,774587000,Co-amoxiclav 1000mg/200mg/50ml infusion bags,22515011000001106,P,,Watch,Watch
Co-amoxiclav,Co-amoxiclav,774587000,Co-amoxiclav 400mg/57mg/5ml oral suspension sugar free,37083711000001108,O,,Watch,Watch
Co-amoxiclav,Co-amoxiclav,774587000,Co-amoxiclav 250mg/125mg dispersible tablets sugar free,39021311000001109,O,,Watch,Watch
Co-amoxiclav,Co-amoxiclav,774587000,Co-amoxiclav 250mg/62mg/5ml oral suspension sugar free,37083611000001104,O,,Watch,Watch
Co-amoxiclav,Co-amoxiclav,774587000,Co-amoxiclav 250mg/125mg tablets,39732111000001101,O,,Watch,Watch
Co-amoxiclav,Co-amoxiclav,774587000,Co-amoxiclav 125mg/31mg/5ml oral suspension sugar free,36565811000001104,O,,Watch,Watch
Co-amoxiclav,Co-amoxiclav,774587000,Co-amoxiclav 500mg/125mg tablets,39732211000001107,O,,Watch,Watch
Co-amoxiclav,Co-amoxiclav,774587000,Co-amoxiclav 500mg/100mg powder for solution for injection vials,41947111000001102,P,,Watch,Watch
Co-amoxiclav,Co-amoxiclav,774587000,Co-amoxiclav 1000mg/200mg powder for solution for injection vials,41947011000001103,P,,Watch,Watch
Co-amoxiclav,Co-amoxiclav,774587000,Co-amoxiclav 125mg/31mg/5ml oral suspension,7322211000001104,O,,Watch,Watch
Co-amoxiclav,Co-amoxiclav,774587000,Co-amoxiclav 250mg/62mg/5ml oral suspension,7322311000001107,O,,Watch,Watch
Co-amoxiclav,Co-amoxiclav,774587000,Co-amoxiclav 875mg/125mg tablets,39732511000001105,O,,Watch,Watch
Co-amoxiclav,Co-amoxiclav,774587000,Co-amoxiclav 400mg/57mg/5ml oral suspension,43801211000001105,O,,Watch,Watch
Co-trimoxazole,Co-trimoxazole,18037511000001105,Co-trimoxazole 80mg/400mg tablets,41947411000001107,O,,Access,Access
Co-trimoxazole,Co-trimoxazole,18037511000001105,Co-trimoxazole 80mg/400mg/5ml oral suspension,41947511000001106,O,,Access,Access
Co-trimoxazole,Co-trimoxazole,18037511000001105,Co-trimoxazole 160mg/800mg tablets,41947311000001100,O,,Access,Access
Co-trimoxazole,Co-trimoxazole,18037511000001105,Co-trimoxazole 80mg/400mg/5ml solution for infusion ampoules,3653911000001100,P,,Access,Access
Co-trimoxazole,Co-trimoxazole,18037511000001105,Co-trimoxazole 40mg/200mg/5ml oral suspension sugar free,35313211000001104,O,,Access,Access
Co-trimoxazole,Co-trimoxazole,18037511000001105,Co-trimoxazole 160mg/800mg/10ml solution for infusion ampoules,36091911000001107,P,,Access,Access
Colistin,Colistin,775373006,Colistimethate 1million unit powder for solution for injection vials,41760311000001104,P,P,Reserve,Reserve
Colistin,Colistin,775373006,"Colistimethate 500,000unit powder for solution for injection vials",41760411000001106,P,P,Reserve,Reserve
Colistin,Colistin,775373006,Colistimethate 2million unit powder for solution for injection vials,4638311000001106,P,P,Reserve,Reserve
Colistin,Colistin,775373006,"Colistin 2,500,000units/5ml oral solution",35030211000001102,O,O,Reserve,Reserve
Colistin,Colistin,775373006,"Colistin 15,000,000units/5ml oral solution",30956811000001100,O,O,Reserve,Reserve
Colistin,Colistin,775373006,"Colistin 5,000,000units/5ml oral solution",24665911000001106,O,O,Reserve,Reserve
Colistin,Colistin,775373006,"Colistin 10,000,000units/5ml oral solution",24666511000001106,O,O,Reserve,Reserve
Colistin,Colistin,775373006,Colistin 1.5million unit tablets,39707811000001100,O,O,Reserve,Reserve
Colistin,Colistin,775373006,"Colistin 250,000units/5ml oral solution",36091411000001104,O,O,Reserve,Reserve
Colistin,Colistin,775373006,Colistin 19.5million unit powder vials,4615111000001106,O,O,Reserve,Reserve
Dalbavancin,Dalbavancin,775437000,Dalbavancin 500mg powder for solution for infusion vials,34377311000001104,P,,Reserve,Reserve
Daptomycin,Daptomycin,775451000,Daptomycin 350mg powder for solution for infusion vials,10140911000001105,P,,Reserve,Reserve
Daptomycin,Daptomycin,775451000,Daptomycin 500mg powder for solution for infusion vials,10961311000001108,P,,Reserve,Reserve
Delafloxacin,Delafloxacin,775469009,Delafloxacin 300mg powder for solution for infusion vials,38726911000001104,P,,Watch,Watch
Delafloxacin,Delafloxacin,775469009,Delafloxacin 450mg tablets,38727011000001100,O,,Watch,Watch
Demeclocycline,Demeclocycline,775476004,Demeclocycline 150mg capsules,41948011000001102,O,,Watch,Other
Demeclocycline,Demeclocycline,775476004,Demeclocycline 150mg/5ml oral suspension,11713411000001102,O,,Watch,Other
Demeclocycline,Demeclocycline,775476004,Demeclocycline 150mg/5ml oral solution,11713311000001109,O,,Watch,Other
Demeclocycline,Demeclocycline,775476004,Demeclocycline 300mg/5ml oral suspension,11713611000001104,O,,Watch,Other
Demeclocycline,Demeclocycline,775476004,Demeclocycline 300mg/5ml oral solution,11713511000001103,O,,Watch,Other
Demeclocycline,Demeclocycline,775476004,Demeclocycline 75mg/5ml oral suspension,11713811000001100,O,,Watch,Other
Demeclocycline,Demeclocycline,775476004,Demeclocycline 75mg/5ml oral solution,11713711000001108,O,,Watch,Other
Demeclocycline,Demeclocycline,775476004,Demeclocycline 150mg tablets,41948111000001101,O,,Watch,Other
Demeclocycline,Demeclocycline,775476004,Demeclocycline 300mg capsules,32785511000001100,O,,Watch,Other
Doripenem,Doripenem,775689001,Doripenem 500mg powder for solution for infusion vials,41948211000001107,P,,Reserve,Reserve
Doxycycline,Betamethasone + Doxycycline + Nystatin,40588811000001101,Betamethasone 0.05% / Doxycycline 10% / Nystatin 2% powder for mouthwash sachets sugar free,40591211000001107,,,Access,Access
Doxycycline,Doxycycline,775698003,Doxycycline 36.4mg/260mg periodontal gel cartridge,28045911000001108,,,Access,Access
Doxycycline,Doxycycline,775698003,Doxycycline 100mg/5ml solution for injection ampoules,10455111000001100,P,,Access,Access
Doxycycline,Doxycycline,775698003,Doxycycline 20mg tablets,41948511000001105,O,,Access,Access
Doxycycline,Doxycycline,775698003,Doxycycline 100mg dispersible tablets sugar free,39710311000001106,O,,Access,Access
Doxycycline,Doxycycline,775698003,Doxycycline 50mg capsules,41948611000001109,O,,Access,Access
Doxycycline,Doxycycline,775698003,Doxycycline 100mg capsules,41948311000001104,O,,Access,Access
Doxycycline,Doxycycline,775698003,Doxycycline 50mg/5ml oral solution,8485211000001101,O,,Access,Access
Doxycycline,Doxycycline,775698003,Doxycycline 50mg/5ml oral suspension,8485311000001109,O,,Access,Access
Doxycycline,Doxycycline,775698003,Doxycycline 40mg modified-release capsules,36564611000001104,O,,Access,Access
Doxycycline,Doxycycline,775698003,Doxycycline 100mg/5ml oral suspension,32876211000001101,O,,Access,Access
Doxycycline,Doxycycline,775698003,Doxycycline 100mg tablets,41948411000001106,O,,Access,Access
Eravacycline,Eravacycline,775807004,Eravacycline 100mg powder for solution for infusion vials,40686511000001105,P,,Reserve,Reserve
Ertapenem,Ertapenem,775820001,Ertapenem 1g powder for solution for infusion vials,4792411000001101,P,,Reserve,Reserve
Erythromycin,Erythromycin ethyl succinate,36408511000001102,Erythromycin ethyl succinate 250mg/5ml oral suspension,41949011000001107,O,,Watch,Watch
Erythromycin,Erythromycin ethyl succinate,36408511000001102,Erythromycin ethyl succinate 125mg/5ml oral suspension,41948911000001103,O,,Watch,Watch
Erythromycin,Erythromycin ethyl succinate,36408511000001102,Erythromycin ethyl succinate 500mg/5ml oral suspension,41949211000001102,O,,Watch,Watch
Erythromycin,Erythromycin ethyl succinate,36408511000001102,Erythromycin ethyl succinate 500mg/5ml oral suspension sugar free,39107211000001106,O,,Watch,Watch
Erythromycin,Erythromycin ethyl succinate,36408511000001102,Erythromycin ethyl succinate 250mg/5ml oral suspension sugar free,39107311000001103,O,,Watch,Watch
Erythromycin,Erythromycin ethyl succinate,36408511000001102,Erythromycin ethyl succinate 500mg tablets,41949111000001108,O,,Watch,Watch
Erythromycin,Erythromycin ethyl succinate,36408511000001102,Erythromycin ethyl succinate 125mg/5ml oral suspension sugar free,36564711000001108,O,,Watch,Watch
Erythromycin,Erythromycin + Zinc acetate,775827003,Erythromycin 40mg/ml / Zinc acetate 12mg/ml lotion,41739611000001109,,,Watch,Watch
Erythromycin,Erythromycin stearate,36408611000001103,Erythromycin stearate 500mg tablets,41949411000001103,O,,Watch,Watch
Erythromycin,Erythromycin stearate,36408611000001103,Erythromycin stearate 250mg tablets,41949311000001105,O,,Watch,Watch
Erythromycin,Benzoyl peroxide + Erythromycin,774813002,Benzoyl peroxide 5% / Erythromycin 3% gel,35910511000001102,,,Watch,Watch
Erythromycin,Erythromycin lactobionate,36409511000001108,Erythromycin 1g powder for solution for infusion vials,41948711000001100,P,,Watch,Watch
Erythromycin,Tretinoin + Erythromycin,775825006,Tretinoin 0.025% / Erythromycin 4% solution,41748711000001108,,,Watch,Watch
Erythromycin,Isotretinoin + Erythromycin,775823004,Isotretinoin 0.05% / Erythromycin 2% gel,41740911000001108,,,Watch,Watch
Erythromycin,Erythromycin,775822009,Erythromycin 250mg gastro-resistant tablets,41948811000001108,O,,Watch,Watch
Erythromycin,Erythromycin,775822009,Erythromycin 250mg gastro-resistant capsules,36064711000001106,O,,Watch,Watch
Erythromycin,Erythromycin,775822009,Erythromycin 2% solution,41739411000001106,,,Watch,Watch
Erythromycin,Erythromycin,775822009,Erythromycin 4% gel,41739511000001105,,,Watch,Watch
Erythromycin,Erythromycin,775822009,Erythromycin 2% gel,41739311000001104,,,Watch,Watch
Erythromycin,Erythromycin,775822009,Erythromycin 0.5% eye ointment,10636911000001105,,,Watch,Watch
Fidaxomicin,Fidaxomicin,775961002,Fidaxomicin 200mg tablets,41949811000001101,O,,Watch,Watch
Fidaxomicin,Fidaxomicin,775961002,Fidaxomicin 40mg/ml oral suspension sugar free,40558211000001107,O,,Watch,Watch
Flucloxacillin,Flucloxacillin,775979003,Flucloxacillin 2g/100ml infusion bags,35166211000001101,P,,Access,Access
Flucloxacillin,Flucloxacillin,775979003,Flucloxacillin sodium 125mg/5ml oral suspension,22751511000001108,O,,Access,Access
Flucloxacillin,Flucloxacillin,775979003,Flucloxacillin 1g/50ml infusion bags,22488711000001108,P,,Access,Access
Flucloxacillin,Flucloxacillin,775979003,Flucloxacillin 500mg/50ml infusion bags,22489111000001100,P,,Access,Access
Flucloxacillin,Flucloxacillin,775979003,Flucloxacillin 125mg/5ml oral solution,41949911000001106,O,,Access,Access
Flucloxacillin,Flucloxacillin,775979003,Flucloxacillin 125mg/5ml oral suspension,41950011000001102,O,,Access,Access
Flucloxacillin,Flucloxacillin,775979003,Flucloxacillin 250mg/5ml oral suspension,41950411000001106,O,,Access,Access
Flucloxacillin,Flucloxacillin,775979003,Flucloxacillin 250mg capsules,39692111000001101,O,,Access,Access
Flucloxacillin,Flucloxacillin,775979003,Flucloxacillin 500mg capsules,39692211000001107,O,,Access,Access
Flucloxacillin,Flucloxacillin,775979003,Flucloxacillin 1g powder for solution for injection vials,41950111000001101,P,,Access,Access
Flucloxacillin,Flucloxacillin,775979003,Flucloxacillin 1g powder for solution for injection vials,41950111000001101,Inhal.solution,,Access,Access
Flucloxacillin,Flucloxacillin,775979003,Flucloxacillin 1g powder for solution for injection vials,41950111000001101,,,Access,Access
Flucloxacillin,Flucloxacillin,775979003,Flucloxacillin 250mg powder for solution for injection vials,41950211000001107,P,,Access,Access
Flucloxacillin,Flucloxacillin,775979003,Flucloxacillin 250mg powder for solution for injection vials,41950211000001107,Inhal.solution,,Access,Access
Flucloxacillin,Flucloxacillin,775979003,Flucloxacillin 250mg powder for solution for injection vials,41950211000001107,,,Access,Access
Flucloxacillin,Flucloxacillin,775979003,Flucloxacillin 500mg powder for solution for injection vials,41950511000001105,P,,Access,Access
Flucloxacillin,Flucloxacillin,775979003,Flucloxacillin 500mg powder for solution for injection vials,41950511000001105,Inhal.solution,,Access,Access
Flucloxacillin,Flucloxacillin,775979003,Flucloxacillin 500mg powder for solution for injection vials,41950511000001105,,,Access,Access
Flucloxacillin,Flucloxacillin,775979003,Flucloxacillin 250mg/5ml oral solution,41950311000001104,O,,Access,Access
Flucloxacillin,Flucloxacillin,775979003,Flucloxacillin 250mg/5ml oral solution sugar free,16089711000001107,O,,Access,Access
Flucloxacillin,Flucloxacillin,775979003,Flucloxacillin 125mg/5ml oral solution sugar free,16089611000001103,O,,Access,Access
Flucloxacillin,Flucloxacillin,775979003,Flucloxacillin 2g powder for solution for injection vials,34769611000001109,P,,Access,Access
Fosfomycin,Fosfomycin,776041001,Fosfomycin 5g powder for solution for infusion vials,36809911000001109,P,P,Reserve,Reserve
Fosfomycin,Fosfomycin,776041001,Fosfomycin 2g powder for solution for infusion vials,24997511000001106,P,P,Reserve,Reserve
Fosfomycin,Fosfomycin,776041001,Fosfomycin 1g powder and solvent for solution for infusion vials,22491111000001100,P,P,Reserve,Reserve
Fosfomycin,Fosfomycin,776041001,Fosfomycin 4g powder for solution for infusion vials,22491511000001109,P,P,Reserve,Reserve
Fosfomycin,Fosfomycin,776041001,Fosfomycin 250mg/5ml oral suspension,25194411000001109,O,O,Access,Access
Fosfomycin,Fosfomycin,776041001,Fosfomycin 3g granules for oral solution sachets,18162111000001102,O,O,Access,Access
Fosfomycin,Fosfomycin,776041001,Fosfomycin 500mg capsules,21258811000001107,O,O,Access,Access
Fusidic acid,Betamethasone + Fusidic acid,774843000,Betamethasone valerate 0.1% / Fusidic acid 2% cream,41892811000001109,,,Access,Watch
Fusidic acid,Hydrocortisone + Fusidic acid,776059003,Hydrocortisone acetate 1% / Fusidic acid 2% cream,41900911000001106,,,Access,Watch
Fusidic acid,Fusidic acid,776058006,Fusidic acid 1% modified-release eye drops,39020911000001103,,,Access,Watch
Fusidic acid,Fusidic acid,776058006,Fusidic acid 2% cream,41898711000001103,,,Access,Watch
Fusidic acid,Fusidic acid,776058006,Fusidic acid 2% gel,41740011000001109,,,Access,Watch
Fusidic acid,Fusidic acid,776058006,Fusidic acid 250mg/5ml oral suspension,41950611000001109,O,,Access,Watch
Gentamicin,Gentamicin,776094005,Gentamicin 240mg/6ml solution for injection pre-filled syringes,44028111000001104,P,,Access,Access
Gentamicin,Gentamicin,776094005,Gentamicin 240mg/80ml infusion polyethylene bottles,39405311000001105,P,,Access,Access
Gentamicin,Gentamicin,776094005,Gentamicin 360mg/120ml infusion polyethylene bottles,39405411000001103,P,,Access,Access
Gentamicin,Gentamicin,776094005,Gentamicin 80mg/80ml infusion polyethylene bottles,39405511000001104,P,,Access,Access
Gentamicin,Gentamicin,776094005,Gentamicin 160mg/100ml infusion bags,38521211000001101,P,,Access,Access
Gentamicin,Gentamicin,776094005,Gentamicin 240mg/106ml infusion bags,38521311000001109,P,,Access,Access
Gentamicin,Gentamicin,776094005,Gentamicin 300mg/107.5ml infusion bags,38521411000001102,P,,Access,Access
Gentamicin,Gentamicin,776094005,Gentamicin 360mg/109ml infusion bags,38521511000001103,P,,Access,Access
Gentamicin,Gentamicin,776094005,Gentamicin 440mg/111ml infusion bags,38521611000001104,P,,Access,Access
Gentamicin,Gentamicin,776094005,Gentamicin 0.3% eye ointment,11378211000001104,,,Access,Access
Gentamicin,Gentamicin,776094005,Gentamicin 75mg implant,8748511000001108,,,Access,Access
Gentamicin,Gentamicin,776094005,Gentamicin 225mg implant,8750011000001100,,,Access,Access
Gentamicin,Gentamicin,776094005,Gentamicin 28mg implant,8751411000001100,,,Access,Access
Gentamicin,Gentamicin,776094005,Gentamicin 80mg/50ml infusion bags,7651311000001107,P,,Access,Access
Gentamicin,Gentamicin,776094005,Gentamicin 240mg/100ml infusion bags,7652011000001101,P,,Access,Access
Gentamicin,Gentamicin,776094005,Gentamicin 360mg/100ml infusion bags,7652511000001109,P,,Access,Access
Gentamicin,Gentamicin,776094005,Gentamicin 0.3% ear/eye drops,42190211000001102,,,Access,Access
Gentamicin,Gentamicin,776094005,Gentamicin 80mg/2ml solution for injection ampoules,36051011000001102,P,,Access,Access
Gentamicin,Gentamicin,776094005,Gentamicin 0.3% eye drops 0.5ml unit dose preservative free,36062811000001109,,,Access,Access
Gentamicin,Gentamicin,776094005,Gentamicin 20mg/2ml solution for injection vials,36063011000001107,P,,Access,Access
Gentamicin,Gentamicin,776094005,Gentamicin 80mg/2ml solution for injection vials,36051111000001101,P,,Access,Access
Gentamicin,Gentamicin,776094005,Gentamicin 40mg/1ml solution for injection ampoules,36050911000001105,P,,Access,Access
Gentamicin,Gentamicin,776094005,Gentamicin 5mg/1ml solution for injection ampoules,4615711000001107,,,Access,Access
Gentamicin,Gentamicin,776094005,Gentamicin 50mg/5ml oral solution,8523611000001103,O,,Access,Access
Gentamicin,Gentamicin,776094005,Gentamicin 62.5mg/5ml oral solution,12089911000001108,O,,Access,Access
Gentamicin,Gentamicin,776094005,Gentamicin 75mg/5ml oral solution,12090011000001100,O,,Access,Access
Gentamicin,Gentamicin,776094005,Gentamicin 1.5% eye drops,42190311000001105,,,Access,Access
Gentamicin,Gentamicin,776094005,Gentamicin 1.5% eye drops preservative free,36062911000001104,,,Access,Access
Gentamicin,Gentamicin,776094005,Gentamicin 1.9% eye drops preservative free,16174211000001104,,,Access,Access
Gentamicin,Gentamicin,776094005,Gentamicin 0.1% cream,18496211000001105,,,Access,Access
Gentamicin,Gentamicin,776094005,Gentamicin 30mg/5ml oral suspension,27800411000001108,O,,Access,Access
Gentamicin,Gentamicin,776094005,Gentamicin 35mg/5ml oral suspension,29827911000001102,O,,Access,Access
Gentamicin,Gentamicin,776094005,Gentamicin 20mg/2ml solution for injection ampoules,29903511000001102,P,,Access,Access
Gentamicin,Gentamicin,776094005,Gentamicin 80mg/80ml infusion bags,29951311000001103,P,,Access,Access
Gentamicin,Gentamicin,776094005,Gentamicin 240mg/80ml infusion bags,29951111000001100,P,,Access,Access
Gentamicin,Gentamicin,776094005,Gentamicin 360mg/120ml infusion bags,29951211000001106,P,,Access,Access
Gentamicin,Gentamicin,776094005,Gentamicin 45mg/5ml oral solution,32749211000001108,O,,Access,Access
Gentamicin,Gentamicin + Hydrocortisone,776095006,Gentamicin 0.3% / Hydrocortisone acetate 1% ear drops,42190111000001108,,,Access,Access
Imipenem + Cilastatin,Imipenem + Cilastatin,775245007,Imipenem 500mg / Cilastatin 500mg powder for solution for infusion vials,4396211000001103,P,,Reserve,Reserve
Imipenem + Cilastatin,Imipenem + Cilastatin,775245007,Imipenem 500mg / Cilastatin 500mg powder for suspension for injection vials,41950811000001108,P,,Reserve,Reserve
Levofloxacin,Levofloxacin,776517005,Levofloxacin 125mg/5ml oral solution,43186411000001109,O,,Watch,Watch
Levofloxacin,Levofloxacin,776517005,Levofloxacin 50mg/5ml oral suspension,43186511000001108,O,,Watch,Watch
Levofloxacin,Levofloxacin,776517005,Levofloxacin 250mg tablets,39697411000001109,O,,Watch,Watch
Levofloxacin,Levofloxacin,776517005,Levofloxacin 500mg tablets,41951211000001101,O,,Watch,Watch
Levofloxacin,Levofloxacin,776517005,Levofloxacin 500mg/100ml solution for infusion vials,36038911000001106,P,,Watch,Watch
Levofloxacin,Levofloxacin,776517005,Levofloxacin 5mg/ml eye drops,10228011000001109,,,Watch,Watch
Levofloxacin,Levofloxacin,776517005,Levofloxacin 5mg/ml eye drops 0.5ml unit dose preservative free,14253011000001103,,,Watch,Watch
Levofloxacin,Levofloxacin,776517005,Levofloxacin 500mg/100ml infusion bags,19448711000001105,P,,Watch,Watch
Levofloxacin,Levofloxacin,776517005,Levofloxacin 500mg/100ml solution for infusion bottles,23108311000001101,P,,Watch,Watch
Levofloxacin,Levofloxacin,776517005,Levofloxacin 100mg/ml nebuliser liquid ampoules,32522511000001104,Inhal.solution,,Watch,Watch
Levofloxacin,Levofloxacin,776517005,Levofloxacin 5mg/ml eye drops 0.3ml unit dose preservative free,33550711000001102,,,Watch,Watch
Levofloxacin,Levofloxacin,776517005,Levofloxacin 5mg/ml eye drops preservative free,39097511000001103,,,Watch,Watch
Levofloxacin,Dexamethasone + Levofloxacin,1286887000,Dexamethasone 1mg/ml / Levofloxacin 5mg/ml eye drops,40712411000001101,,,Watch,Watch
Linezolid,Linezolid,776544000,Linezolid 600mg tablets,41951311000001109,O,,Reserve,Reserve
Linezolid,Linezolid,776544000,Linezolid 600mg/300ml infusion bags,36040111000001105,P,,Reserve,Reserve
Linezolid,Linezolid,776544000,Linezolid 100mg/5ml oral suspension,39718111000001106,O,,Reserve,Reserve
Linezolid,Linezolid,776544000,Linezolid 600mg/300ml solution for infusion bottles,36441911000001108,P,,Reserve,Reserve
Lymecycline,Lymecycline,776593005,Lymecycline 408mg capsules,41951411000001102,O,,Watch,Watch
Meropenem,Meropenem,776694006,Meropenem 500mg powder and 50ml solvent infusion bags,44947711000001105,P,,Reserve,Reserve
Meropenem,Meropenem,776694006,Meropenem 1g powder and 50ml solvent infusion bags,44947611000001101,P,,Reserve,Reserve
Meropenem,Meropenem,776694006,Meropenem 1g powder for solution for injection vials,41951511000001103,P,,Reserve,Reserve
Meropenem,Meropenem,776694006,Meropenem 500mg powder for solution for injection vials,41951611000001104,P,,Reserve,Reserve
Meropenem,Meropenem,776694006,Meropenem 2g powder for solution for injection vials,42337111000001109,P,,Reserve,Reserve
Meropenem + Vaborbactam,Meropenem + Vaborbactam,776695007,Meropenem 1g / Vaborbactam 1g powder for solution for infusion vials,37914011000001102,P,,Reserve,Reserve
Methenamine,Methenamine,776725009,Methenamine hippurate 1g tablets,41951711000001108,O,,Other,Other
Metronidazole,Metronidazole,776774005,Metronidazole 200mg tablets,41951911000001105,O,,Access,Access
Metronidazole,Metronidazole,776774005,Metronidazole 400mg tablets,41952111000001102,O,,Access,Access
Metronidazole,Metronidazole,776774005,Metronidazole 500mg tablets,41952311000001100,O,,Access,Access
Metronidazole,Metronidazole,776774005,Metronidazole 200mg/5ml oral suspension,41952011000001103,O,,Access,Access
Metronidazole,Metronidazole,776774005,Metronidazole 0.8% gel,41742811000001102,,,Access,Access
Metronidazole,Metronidazole,776774005,Metronidazole 0.75% cream,41902911000001105,,,Access,Access
Metronidazole,Metronidazole,776774005,Metronidazole 0.75% gel,41742611000001101,,,Access,Access
Metronidazole,Metronidazole,776774005,Metronidazole 500mg/100ml infusion 100ml bags,36035611000001106,P,,Access,Access
Metronidazole,Metronidazole,776774005,Metronidazole 1g suppositories,41951811000001100,R,,Access,Access
Metronidazole,Metronidazole,776774005,Metronidazole 500mg suppositories,41952211000001108,R,,Access,Access
Metronidazole,Metronidazole,776774005,Metronidazole 1% cream,41903011000001102,,,Access,Access
Metronidazole,Metronidazole,776774005,Metronidazole 100mg/20ml solution for infusion ampoules,34194011000001108,P,,Access,Access
Metronidazole,Metronidazole,776774005,Metronidazole 25% oromucosal gel sugar free,41742911000001107,,,Access,Access
Metronidazole,Metronidazole,776774005,Metronidazole 2% cream,8797011000001108,,,Access,Access
Metronidazole,Metronidazole,776774005,Metronidazole 100mg/5ml oral suspension,13007911000001108,O,,Access,Access
Metronidazole,Metronidazole,776774005,Metronidazole 100mg/5ml oral solution,13007811000001103,O,,Access,Access
Metronidazole,Metronidazole,776774005,Metronidazole 200mg/5ml oral solution,13008011000001105,O,,Access,Access
Metronidazole,Metronidazole,776774005,Metronidazole 50mg/5ml oral suspension,13008211000001100,O,,Access,Access
Metronidazole,Metronidazole,776774005,Metronidazole 50mg/5ml oral solution,13008111000001106,O,,Access,Access
Metronidazole,Metronidazole,776774005,Metronidazole 0.85% gel,18684411000001104,,,Access,Access
Metronidazole,Metronidazole,776774005,Metronidazole 0.75% vaginal gel,41742711000001105,V,,Access,Access
Metronidazole,Metronidazole,776774005,Metronidazole 500mg/5ml oral suspension,32655011000001106,O,,Access,Access
Metronidazole,Metronidazole,776774005,Metronidazole 10% ointment,34378211000001106,,,Access,Access
Metronidazole,Metronidazole,776774005,Metronidazole 200mg suppositories,34607211000001108,R,,Access,Access
Metronidazole,Metronidazole,776774005,Metronidazole 500mg/100ml solution for infusion bottles,34617211000001105,P,,Access,Access
Minocycline,Minocycline,776800005,Minocycline 100mg tablets,39700911000001109,O,O,Watch,Watch
Minocycline,Minocycline,776800005,Minocycline 50mg tablets,39700711000001107,O,O,Watch,Watch
Minocycline,Minocycline,776800005,Minocycline 100mg modified-release capsules,36565111000001106,O,O,Watch,Watch
Minocycline,Minocycline,776800005,Minocycline 50mg capsules,39700611000001103,O,O,Watch,Watch
Minocycline,Minocycline,776800005,Minocycline 100mg capsules,39700811000001104,O,O,Watch,Watch
Minocycline,Minocycline,776800005,Minocycline 50mg/5ml oral suspension,13010811000001100,O,O,Watch,Watch
Minocycline,Minocycline,776800005,Minocycline 50mg/5ml oral solution,13010711000001108,O,O,Watch,Watch
Moxifloxacin,Moxifloxacin,776831003,Moxifloxacin 0.5mg/0.5ml solution for injection pre-filled syringes,33158911000001106,,,Watch,Watch
Moxifloxacin,Moxifloxacin,776831003,Moxifloxacin 0.3mg/0.3ml solution for injection pre-filled syringes,23349111000001109,,,Watch,Watch
Moxifloxacin,Moxifloxacin,776831003,Moxifloxacin 400mg tablets,41952411000001107,O,,Watch,Watch
Moxifloxacin,Moxifloxacin,776831003,Moxifloxacin 400mg/250ml infusion bags,36028511000001101,P,,Watch,Watch
Moxifloxacin,Moxifloxacin,776831003,Moxifloxacin 400mg/250ml solution for infusion bottles,16756911000001108,P,,Watch,Watch
Moxifloxacin,Moxifloxacin,776831003,Moxifloxacin 0.5% eye drops,18482711000001103,,,Watch,Watch
Moxifloxacin,Moxifloxacin,776831003,Moxifloxacin 400mg/5ml oral solution,36003311000001109,O,,Watch,Watch
Nalidixic Acid,,,,,,,Other,Other
Neomycin,Fluocinolone acetonide + Neomycin,22636911000001100,Fluocinolone acetonide 0.025% / Neomycin 0.5% ointment,41897611000001108,,,Watch,Watch
Neomycin,Fluocinolone acetonide + Neomycin,22636911000001100,Fluocinolone acetonide 0.025% / Neomycin 0.5% cream,41897511000001109,,,Watch,Watch
Neomycin,Neomycin + Triamcinolone,776890000,Neomycin 0.35% / Triamcinolone 0.1% ear drops,42193011000001102,,,Watch,Watch
Neomycin,Neomycin + Gramicidin,776145007,Neomycin 0.25% / Gramicidin 0.025% ointment,3864211000001105,,,Watch,Watch
Neomycin,Neomycin,776885003,Neomycin 125mg/5ml oral solution,41952611000001105,O,,Watch,Watch
Neomycin,Neomycin,776885003,Neomycin 500mg tablets,41952711000001101,O,,Watch,Watch
Neomycin,Neomycin,776885003,Neomycin 0.5% eye drops,42193211000001107,,,Watch,Watch
Neomycin,Neomycin,776885003,Neomycin 0.5% eye drops 0.5ml unit dose preservative free,36030611000001103,,,Watch,Watch
Neomycin,Neomycin,776885003,Neomycin 0.5% eye ointment,42193311000001104,,,Watch,Watch
Neomycin,Neomycin,776885003,Neomycin 0.5% cream,14614911000001109,,,Watch,Watch
Neomycin,Neomycin,776885003,Neomycin 100mg/5ml oral solution,12301911000001109,O,,Watch,Watch
Neomycin,Neomycin,776885003,Neomycin 500mg/5ml oral solution,12302011000001102,O,,Watch,Watch
Neomycin,Neomycin + Prednisolone,776889009,Prednisolone 0.5% / Neomycin 0.5% ear/eye drops,42195211000001106,,,Watch,Watch
Neomycin,Hydrocortisone + Neomycin,776254002,Hydrocortisone 1.5% / Neomycin 0.5% ear/eye ointment,42191011000001103,,,Watch,Watch
Neomycin,Hydrocortisone + Neomycin,776254002,Hydrocortisone 1.5% / Neomycin 0.5% ear/eye drops,42190911000001106,,,Watch,Watch
Neomycin,Hydrocortisone + Neomycin,776254002,Hydrocortisone 1% / Neomycin 0.5% cream,41900311000001105,,,Watch,Watch
Neomycin,Clobetasol + Neomycin + Nystatin,775296009,"Clobetasol 500microgram / Neomycin 5mg / Nystatin 100,000units/g cream",3405211000001103,,,Watch,Watch
Neomycin,Clobetasol + Neomycin + Nystatin,775296009,"Clobetasol 500microgram / Neomycin 5mg / Nystatin 100,000units/g ointment",3405411000001104,,,Watch,Watch
Neomycin,Betamethasone + Neomycin,774844006,Betamethasone valerate 0.1% / Neomycin 0.5% cream,41892911000001104,,,Watch,Watch
Neomycin,Betamethasone + Neomycin,774844006,Betamethasone valerate 0.1% / Neomycin 0.5% ointment,41893011000001107,,,Watch,Watch
Neomycin,Betamethasone + Neomycin,774844006,Betamethasone 0.1% / Neomycin 0.5% ear/eye/nose drops,42185211000001105,,,Watch,Watch
Neomycin,Betamethasone + Neomycin,774844006,Betamethasone 0.1% / Neomycin 0.5% ear/eye/nose drops,42185211000001105,N,,Watch,Watch
Neomycin,Betamethasone + Neomycin,774844006,Neomycin 0.5% / Betamethasone 0.1% eye ointment,42193111000001101,,,Watch,Watch
Neomycin,Neomycin + Chlorhexidine,775170000,Neomycin 0.5% / Chlorhexidine hydrochloride 0.1% nasal cream,41904111000001104,N,,Watch,Watch
Nitrofurantoin,Nitrofurantoin,776927008,Nitrofurantoin 50mg capsules,41953111000001108,O,,Access,Access
Nitrofurantoin,Nitrofurantoin,776927008,Nitrofurantoin 100mg capsules,41952811000001109,O,,Access,Access
Nitrofurantoin,Nitrofurantoin,776927008,Nitrofurantoin 50mg tablets,41953211000001102,O,,Access,Access
Nitrofurantoin,Nitrofurantoin,776927008,Nitrofurantoin 100mg tablets,41952911000001104,O,,Access,Access
Nitrofurantoin,Nitrofurantoin,776927008,Nitrofurantoin 100mg modified-release capsules,39108511000001108,O,,Access,Access
Nitrofurantoin,Nitrofurantoin,776927008,Nitrofurantoin 25mg/5ml oral suspension sugar free,36565611000001103,O,,Access,Access
Nitrofurantoin,Nitrofurantoin,776927008,Nitrofurantoin 100mg/5ml oral suspension,12862911000001101,O,,Access,Access
Nitrofurantoin,Nitrofurantoin,776927008,Nitrofurantoin 100mg/5ml oral solution,12862811000001106,O,,Access,Access
Nitrofurantoin,Nitrofurantoin,776927008,Nitrofurantoin 10mg/5ml oral suspension,12863111000001105,O,,Access,Access
Nitrofurantoin,Nitrofurantoin,776927008,Nitrofurantoin 10mg/5ml oral solution,12863011000001109,O,,Access,Access
Nitrofurantoin,Nitrofurantoin,776927008,Nitrofurantoin 11mg/5ml oral suspension,12863311000001107,O,,Access,Access
Nitrofurantoin,Nitrofurantoin,776927008,Nitrofurantoin 11mg/5ml oral solution,12863211000001104,O,,Access,Access
Nitrofurantoin,Nitrofurantoin,776927008,Nitrofurantoin 12.5mg/5ml oral suspension,12863511000001101,O,,Access,Access
Nitrofurantoin,Nitrofurantoin,776927008,Nitrofurantoin 12.5mg/5ml oral solution,12863411000001100,O,,Access,Access
Nitrofurantoin,Nitrofurantoin,776927008,Nitrofurantoin 125mg/5ml oral suspension,12863711000001106,O,,Access,Access
Nitrofurantoin,Nitrofurantoin,776927008,Nitrofurantoin 125mg/5ml oral solution,12863611000001102,O,,Access,Access
Nitrofurantoin,Nitrofurantoin,776927008,Nitrofurantoin 12mg/5ml oral suspension,12863911000001108,O,,Access,Access
Nitrofurantoin,Nitrofurantoin,776927008,Nitrofurantoin 12mg/5ml oral solution,12863811000001103,O,,Access,Access
Nitrofurantoin,Nitrofurantoin,776927008,Nitrofurantoin 13.5mg/5ml oral suspension,12864111000001107,O,,Access,Access
Nitrofurantoin,Nitrofurantoin,776927008,Nitrofurantoin 13.5mg/5ml oral solution,12864011000001106,O,,Access,Access
Nitrofurantoin,Nitrofurantoin,776927008,Nitrofurantoin 13mg/5ml oral suspension,12864311000001109,O,,Access,Access
Nitrofurantoin,Nitrofurantoin,776927008,Nitrofurantoin 13mg/5ml oral solution,12864211000001101,O,,Access,Access
Nitrofurantoin,Nitrofurantoin,776927008,Nitrofurantoin 14mg/5ml oral suspension,12864511000001103,O,,Access,Access
Nitrofurantoin,Nitrofurantoin,776927008,Nitrofurantoin 14mg/5ml oral solution,12864411000001102,O,,Access,Access
Nitrofurantoin,Nitrofurantoin,776927008,Nitrofurantoin 15mg/5ml oral suspension,12864711000001108,O,,Access,Access
Nitrofurantoin,Nitrofurantoin,776927008,Nitrofurantoin 15mg/5ml oral solution,12864611000001104,O,,Access,Access
Nitrofurantoin,Nitrofurantoin,776927008,Nitrofurantoin 16mg/5ml oral suspension,12864911000001105,O,,Access,Access
Nitrofurantoin,Nitrofurantoin,776927008,Nitrofurantoin 16mg/5ml oral solution,12864811000001100,O,,Access,Access
Nitrofurantoin,Nitrofurantoin,776927008,Nitrofurantoin 17.5mg/5ml oral suspension,12894011000001108,O,,Access,Access
Nitrofurantoin,Nitrofurantoin,776927008,Nitrofurantoin 17.5mg/5ml oral solution,12893811000001100,O,,Access,Access
Nitrofurantoin,Nitrofurantoin,776927008,Nitrofurantoin 17mg/5ml oral suspension,12894211000001103,O,,Access,Access
Nitrofurantoin,Nitrofurantoin,776927008,Nitrofurantoin 17mg/5ml oral solution,12894111000001109,O,,Access,Access
Nitrofurantoin,Nitrofurantoin,776927008,Nitrofurantoin 18.75mg/5ml oral suspension,12894511000001100,O,,Access,Access
Nitrofurantoin,Nitrofurantoin,776927008,Nitrofurantoin 18.75mg/5ml oral solution,12894311000001106,O,,Access,Access
Nitrofurantoin,Nitrofurantoin,776927008,Nitrofurantoin 18mg/5ml oral suspension,12894711000001105,O,,Access,Access
Nitrofurantoin,Nitrofurantoin,776927008,Nitrofurantoin 18mg/5ml oral solution,12894611000001101,O,,Access,Access
Nitrofurantoin,Nitrofurantoin,776927008,Nitrofurantoin 1mg/5ml oral suspension,12894811000001102,O,,Access,Access
Nitrofurantoin,Nitrofurantoin,776927008,Nitrofurantoin 1mg/5ml oral solution,12895111000001108,O,,Access,Access
Nitrofurantoin,Nitrofurantoin,776927008,Nitrofurantoin 2.5mg/5ml oral suspension,12904111000001103,O,,Access,Access
Nitrofurantoin,Nitrofurantoin,776927008,Nitrofurantoin 2.5mg/5ml oral solution,12904811000001105,O,,Access,Access
Nitrofurantoin,Nitrofurantoin,776927008,Nitrofurantoin 20mg/5ml oral suspension,12904311000001101,O,,Access,Access
Nitrofurantoin,Nitrofurantoin,776927008,Nitrofurantoin 20mg/5ml oral solution,12904211000001109,O,,Access,Access
Nitrofurantoin,Nitrofurantoin,776927008,Nitrofurantoin 22mg/5ml oral suspension,12904511000001107,O,,Access,Access
Nitrofurantoin,Nitrofurantoin,776927008,Nitrofurantoin 22mg/5ml oral solution,12904411000001108,O,,Access,Access
Nitrofurantoin,Nitrofurantoin,776927008,Nitrofurantoin 24mg/5ml oral suspension,12904711000001102,O,,Access,Access
Nitrofurantoin,Nitrofurantoin,776927008,Nitrofurantoin 24mg/5ml oral solution,12904611000001106,O,,Access,Access
Nitrofurantoin,Nitrofurantoin,776927008,Nitrofurantoin 25mg/5ml oral suspension,41953011000001107,O,,Access,Access
Nitrofurantoin,Nitrofurantoin,776927008,Nitrofurantoin 25mg/5ml oral solution,12904911000001100,O,,Access,Access
Nitrofurantoin,Nitrofurantoin,776927008,Nitrofurantoin 2mg/5ml oral suspension,12905111000001104,O,,Access,Access
Nitrofurantoin,Nitrofurantoin,776927008,Nitrofurantoin 2mg/5ml oral solution,12905011000001100,O,,Access,Access
Nitrofurantoin,Nitrofurantoin,776927008,Nitrofurantoin 30mg/5ml oral suspension,12934011000001109,O,,Access,Access
Nitrofurantoin,Nitrofurantoin,776927008,Nitrofurantoin 30mg/5ml oral solution,12933911000001106,O,,Access,Access
Nitrofurantoin,Nitrofurantoin,776927008,Nitrofurantoin 32.5mg/5ml oral suspension,12934211000001104,O,,Access,Access
Nitrofurantoin,Nitrofurantoin,776927008,Nitrofurantoin 32.5mg/5ml oral solution,12934111000001105,O,,Access,Access
Nitrofurantoin,Nitrofurantoin,776927008,Nitrofurantoin 35mg/5ml oral suspension,12934411000001100,O,,Access,Access
Nitrofurantoin,Nitrofurantoin,776927008,Nitrofurantoin 35mg/5ml oral solution,12934311000001107,O,,Access,Access
Nitrofurantoin,Nitrofurantoin,776927008,Nitrofurantoin 40mg/5ml oral suspension,12934611000001102,O,,Access,Access
Nitrofurantoin,Nitrofurantoin,776927008,Nitrofurantoin 40mg/5ml oral solution,12934511000001101,O,,Access,Access
Nitrofurantoin,Nitrofurantoin,776927008,Nitrofurantoin 45mg/5ml oral suspension,12934811000001103,O,,Access,Access
Nitrofurantoin,Nitrofurantoin,776927008,Nitrofurantoin 45mg/5ml oral solution,12934711000001106,O,,Access,Access
Nitrofurantoin,Nitrofurantoin,776927008,Nitrofurantoin 4mg/5ml oral suspension,12935011000001108,O,,Access,Access
Nitrofurantoin,Nitrofurantoin,776927008,Nitrofurantoin 4mg/5ml oral solution,12934911000001108,O,,Access,Access
Nitrofurantoin,Nitrofurantoin,776927008,Nitrofurantoin 5.5mg/5ml oral suspension,12935211000001103,O,,Access,Access
Nitrofurantoin,Nitrofurantoin,776927008,Nitrofurantoin 5.5mg/5ml oral solution,12935111000001109,O,,Access,Access
Nitrofurantoin,Nitrofurantoin,776927008,Nitrofurantoin 50mg/5ml oral suspension,12935411000001104,O,,Access,Access
Nitrofurantoin,Nitrofurantoin,776927008,Nitrofurantoin 50mg/5ml oral solution,12935311000001106,O,,Access,Access
Nitrofurantoin,Nitrofurantoin,776927008,Nitrofurantoin 5mg/5ml oral suspension,12935611000001101,O,,Access,Access
Nitrofurantoin,Nitrofurantoin,776927008,Nitrofurantoin 5mg/5ml oral solution,12935511000001100,O,,Access,Access
Nitrofurantoin,Nitrofurantoin,776927008,Nitrofurantoin 6.5mg/5ml oral suspension,12935811000001102,O,,Access,Access
Nitrofurantoin,Nitrofurantoin,776927008,Nitrofurantoin 6.5mg/5ml oral solution,12935711000001105,O,,Access,Access
Nitrofurantoin,Nitrofurantoin,776927008,Nitrofurantoin 6mg/5ml oral suspension,12936011000001104,O,,Access,Access
Nitrofurantoin,Nitrofurantoin,776927008,Nitrofurantoin 6mg/5ml oral solution,12935911000001107,O,,Access,Access
Nitrofurantoin,Nitrofurantoin,776927008,Nitrofurantoin 7.5mg/5ml oral suspension,12936211000001109,O,,Access,Access
Nitrofurantoin,Nitrofurantoin,776927008,Nitrofurantoin 7.5mg/5ml oral solution,12936111000001103,O,,Access,Access
Nitrofurantoin,Nitrofurantoin,776927008,Nitrofurantoin 7.8mg/5ml oral suspension,12936411000001108,O,,Access,Access
Nitrofurantoin,Nitrofurantoin,776927008,Nitrofurantoin 7.8mg/5ml oral solution,12936311000001101,O,,Access,Access
Nitrofurantoin,Nitrofurantoin,776927008,Nitrofurantoin 75mg/5ml oral suspension,12936611000001106,O,,Access,Access
Nitrofurantoin,Nitrofurantoin,776927008,Nitrofurantoin 75mg/5ml oral solution,12936511000001107,O,,Access,Access
Nitrofurantoin,Nitrofurantoin,776927008,Nitrofurantoin 7mg/5ml oral suspension,12936811000001105,O,,Access,Access
Nitrofurantoin,Nitrofurantoin,776927008,Nitrofurantoin 7mg/5ml oral solution,12936711000001102,O,,Access,Access
Nitrofurantoin,Nitrofurantoin,776927008,Nitrofurantoin 8mg/5ml oral suspension,12937011000001101,O,,Access,Access
Nitrofurantoin,Nitrofurantoin,776927008,Nitrofurantoin 8mg/5ml oral solution,12936911000001100,O,,Access,Access
Nitrofurantoin,Nitrofurantoin,776927008,Nitrofurantoin 9.5mg/5ml oral suspension,12937211000001106,O,,Access,Access
Nitrofurantoin,Nitrofurantoin,776927008,Nitrofurantoin 9.5mg/5ml oral solution,12937111000001100,O,,Access,Access
Nitrofurantoin,Nitrofurantoin,776927008,Nitrofurantoin 9mg/5ml oral suspension,12937411000001105,O,,Access,Access
Nitrofurantoin,Nitrofurantoin,776927008,Nitrofurantoin 9mg/5ml oral solution,12937311000001103,O,,Access,Access
Nitrofurantoin,Nitrofurantoin,776927008,Nitrofurantoin 50mg/5ml oral suspension sugar free,41978311000001100,O,,Access,Access
Norfloxacin,Norfloxacin,776943001,Norfloxacin 400mg tablets,41953311000001105,O,,Watch,Watch
Ofloxacin,Ofloxacin,776973005,Ofloxacin 400mg/200ml solution for injection bottles,11136811000001106,P,,Watch,Watch
Ofloxacin,Ofloxacin,776973005,Ofloxacin 100mg/50ml solution for infusion bottles,35897411000001105,P,,Watch,Watch
Ofloxacin,Ofloxacin,776973005,Ofloxacin 200mg tablets,41953411000001103,O,,Watch,Watch
Ofloxacin,Ofloxacin,776973005,Ofloxacin 400mg tablets,41953511000001104,O,,Watch,Watch
Ofloxacin,Ofloxacin,776973005,Ofloxacin 0.3% eye drops,42193411000001106,,,Watch,Watch
Ofloxacin,Ofloxacin,776973005,Ofloxacin 200mg/100ml solution for infusion bottles,38752711000001101,P,,Watch,Watch
Ofloxacin,Ofloxacin,776973005,Ofloxacin 100mg/5ml oral suspension,12895811000001101,O,,Watch,Watch
Ofloxacin,Ofloxacin,776973005,Ofloxacin 100mg/5ml oral solution,12905211000001105,O,,Watch,Watch
Ofloxacin,Ofloxacin,776973005,Ofloxacin 250mg/5ml oral suspension,12905411000001109,O,,Watch,Watch
Ofloxacin,Ofloxacin,776973005,Ofloxacin 250mg/5ml oral solution,12905311000001102,O,,Watch,Watch
Ofloxacin,Ofloxacin,776973005,Ofloxacin 0.3% ear drops,32878711000001107,,,Watch,Watch
Oritavancin,Oritavancin,777001001,Oritavancin 400mg powder for solution for infusion vials,40651511000001105,P,,Reserve,Reserve
Oxytetracycline,Oxytetracycline + Hydrocortisone,776257009,Oxytetracycline 3% / Hydrocortisone 1% ointment,41904811000001106,,,Watch,Watch
Oxytetracycline,Clobetasone + Oxytetracycline + Nystatin,775299002,"Clobetasone 0.05% / Oxytetracycline 3% / Nystatin 100,000units/g cream",8823711000001108,,,Watch,Watch
Oxytetracycline,Oxytetracycline,777035003,Oxytetracycline 250mg tablets,41953611000001100,O,,Watch,Watch
Oxytetracycline,Oxytetracycline,777035003,Oxytetracycline 100mg/5ml oral suspension,13003711000001101,O,,Watch,Watch
Oxytetracycline,Oxytetracycline,777035003,Oxytetracycline 125mg/5ml oral suspension,13003811000001109,O,,Watch,Watch
Oxytetracycline,Oxytetracycline,777035003,Oxytetracycline 250mg/5ml oral suspension,13003911000001104,O,,Watch,Watch
Oxytetracycline,Oxytetracycline,777035003,Oxytetracycline 500mg/5ml oral suspension,13004011000001101,O,,Watch,Watch
Phenoxymethylpenicillin,Phenoxymethylpenicillin,777175009,Phenoxymethylpenicillin 250mg tablets,41953811000001101,O,,Access,Access
Phenoxymethylpenicillin,Phenoxymethylpenicillin,777175009,Phenoxymethylpenicillin 250mg/5ml oral solution,41953911000001106,O,,Access,Access
Phenoxymethylpenicillin,Phenoxymethylpenicillin,777175009,Phenoxymethylpenicillin 125mg/5ml oral solution,41953711000001109,O,,Access,Access
Phenoxymethylpenicillin,Phenoxymethylpenicillin,777175009,Phenoxymethylpenicillin 500mg tablets,44122111000001108,O,,Access,Access
Phenoxymethylpenicillin,Phenoxymethylpenicillin,777175009,Phenoxymethylpenicillin 125mg/5ml oral solution sugar free,9215111000001107,O,,Access,Access
Phenoxymethylpenicillin,Phenoxymethylpenicillin,777175009,Phenoxymethylpenicillin 250mg/5ml oral solution sugar free,9215211000001101,O,,Access,Access
Phenoxymethylpenicillin,Phenoxymethylpenicillin,777175009,Phenoxymethylpenicillin 0.3% eye drops,22214211000001105,,,Access,Access
Piperacillin + Tazobactam,Piperacillin + Tazobactam,777212006,Piperacillin 3g / Tazobactam 375mg powder for solution for infusion vials,38422511000001100,P,,Watch,Watch
Piperacillin + Tazobactam,Piperacillin + Tazobactam,777212006,Piperacillin 2g/50ml / Tazobactam 250mg/50ml infusion bags,21511011000001108,P,,Watch,Watch
Piperacillin + Tazobactam,Piperacillin + Tazobactam,777212006,Piperacillin 2g / Tazobactam 250mg powder for solution for infusion vials,41954011000001109,P,,Watch,Watch
Piperacillin + Tazobactam,Piperacillin + Tazobactam,777212006,Piperacillin 4g / Tazobactam 500mg powder for solution for infusion vials,41954111000001105,P,,Watch,Watch
Piperacillin + Tazobactam,Piperacillin + Tazobactam,777212006,Piperacillin 4g / Tazobactam 500mg powder and solvent for solution for injection vials,4651611000001105,P,,Watch,Watch
Pivmecillinam,Pivmecillinam,777227006,Pivmecillinam 200mg tablets,39702711000001106,O,,Access,Access
Pivmecillinam,Pivmecillinam,777227006,Pivmecillinam 200mg/5ml oral suspension,32750311000001106,O,,Access,Access
Pristinamycin,Pristinamycin,16251011000001105,Pristinamycin 500mg tablets,16324411000001105,O,,Watch,Other
Pristinamycin,Pristinamycin,16251011000001105,Pristinamycin 250mg tablets,41346211000001103,O,,Watch,Other
Procaine benzylpenicillin,Procaine benzylpenicillin,1234762001,Procaine benzylpenicillin 1.2million unit powder and solvent for suspension for injection vials,10575011000001106,P,,Access,Access
Procaine benzylpenicillin,Procaine benzylpenicillin,1234762001,"Procaine benzylpenicillin 600,000unit powder and solvent for suspension for injection vials",10575411000001102,P,,Access,Access
Procaine benzylpenicillin,Procaine benzylpenicillin,1234762001,Procaine benzylpenicillin 1.5g/3.4ml suspension for injection pre-filled syringes,10523211000001101,P,,Access,Access
Quinupristin + Dalfopristin,Quinupristin + Dalfopristin,775439002,Quinupristin 150mg / Dalfopristin 350mg powder for solution for infusion vials,41881711000001109,P,,Reserve,Reserve
Spectinomycin,Spectinomycin,777600004,Spectinomycin 2g powder and solvent for suspension for injection vials,10532311000001101,P,,Other,Other
Spiramycin,Spiramycin,777602007,Spiramycin 1.5million unit powder for solution for infusion vials,11397011000001102,P,,Other,Other
Spiramycin,Spiramycin,777602007,Spiramycin 1.5million unit tablets,11381211000001103,O,,Other,Other
Spiramycin,Spiramycin,777602007,Spiramycin 3million unit tablets,11381711000001105,O,,Other,Other
Spiramycin,Spiramycin,777602007,"Spiramycin 375,000units/5ml oral solution",35900311000001105,O,,Other,Other
Streptomycin,Streptomycin,777614004,Streptomycin 1g powder for solution for injection vials,41955211000001103,P,P,Other,Other
Sulfadiazine,Sulfadiazine,777532008,Sulfadiazine 1g/4ml solution for injection ampoules,39714411000001105,P,,Other,Other
Sulfadiazine,Sulfadiazine,777532008,Sulfadiazine 500mg tablets,41955311000001106,O,,Other,Other
Sulfadiazine,Sulfadiazine,777532008,Sulfadiazine 150mg/5ml oral suspension,13454711000001102,O,,Other,Other
Sulfadiazine,Sulfadiazine,777532008,Sulfadiazine 500mg/5ml oral suspension,13454911000001100,O,,Other,Other
Sulfadiazine,Sulfadiazine,777532008,Sulfadiazine 250mg/5ml oral suspension,13454811000001105,O,,Other,Other
Sulfadiazine,Cerium nitrate + Sulfadiazine silver,42779111000001100,Cerium nitrate hexahydrate 22mg/g / Sulfadiazine silver 10mg/g cream,10303311000001102,,,Other,Other
Sulfadiazine,Sulfadiazine silver,864008004,Sulfadiazine silver 1% cream,15374811000001105,,,Other,Other
Sulfamethoxypyridazine,Sulfamethoxypyridazine,777643007,Sulfamethoxypyridazine 500mg tablets,5241611000001103,O,,Other,Other
Sulfapyridine,Sulfapyridine,15465811000001106,Sulfapyridine 250mg capsules,15474111000001108,O,,Other,Other
Tedizolid,Tedizolid,777686007,Tedizolid 200mg powder for solution for infusion vials,29734011000001109,P,,Reserve,Reserve
Tedizolid,Tedizolid,777686007,Tedizolid 200mg tablets,41955511000001100,O,,Reserve,Reserve
Teicoplanin,Teicoplanin,777691008,Teicoplanin 200mg/50ml infusion bags,44100011000001102,P,,Watch,Watch
Teicoplanin,Teicoplanin,777691008,Teicoplanin 1% eye drops,41011211000001104,,,Watch,Watch
Teicoplanin,Teicoplanin,777691008,Teicoplanin 400mg/108ml infusion bags,38344711000001107,P,,Watch,Watch
Teicoplanin,Teicoplanin,777691008,Teicoplanin 600mg/112ml infusion bags,38344811000001104,P,,Watch,Watch
Teicoplanin,Teicoplanin,777691008,Teicoplanin 800mg/116ml infusion bags,38344911000001109,P,,Watch,Watch
Teicoplanin,Teicoplanin,777691008,Teicoplanin 1g/120ml infusion bags,38344611000001103,P,,Watch,Watch
Teicoplanin,Teicoplanin,777691008,Teicoplanin 200mg/10ml solution for injection pre-filled injection devices,21110711000001106,P,,Watch,Watch
Teicoplanin,Teicoplanin,777691008,Teicoplanin 200mg/10ml solution for injection pre-filled syringes,20966711000001100,P,,Watch,Watch
Teicoplanin,Teicoplanin,777691008,Teicoplanin 200mg powder and solvent for solution for injection vials,35915111000001103,O,,Watch,Watch
Teicoplanin,Teicoplanin,777691008,Teicoplanin 200mg powder and solvent for solution for injection vials,35915111000001103,P,,Watch,Watch
Teicoplanin,Teicoplanin,777691008,Teicoplanin 400mg powder and solvent for solution for injection vials,35915211000001109,O,,Watch,Watch
Teicoplanin,Teicoplanin,777691008,Teicoplanin 400mg powder and solvent for solution for injection vials,35915211000001109,P,,Watch,Watch
Teicoplanin,Teicoplanin,777691008,Teicoplanin 200mg powder for solution for injection vials,41955611000001101,O,,Watch,Watch
Teicoplanin,Teicoplanin,777691008,Teicoplanin 200mg powder for solution for injection vials,41955611000001101,P,,Watch,Watch
Teicoplanin,Teicoplanin,777691008,Teicoplanin 400mg powder for solution for injection vials,41955711000001105,O,,Watch,Watch
Teicoplanin,Teicoplanin,777691008,Teicoplanin 400mg powder for solution for injection vials,41955711000001105,P,,Watch,Watch
Telavancin,Telavancin,777693006,Telavancin 250mg powder for solution for infusion vials,41882311000001101,P,,Reserve,Reserve
Telavancin,Telavancin,777693006,Telavancin 750mg powder for solution for infusion vials,41882411000001108,P,,Reserve,Reserve
Temocillin,Temocillin,777700006,Temocillin 1g powder for solution for injection vials,9553611000001102,P,,Watch,Watch
Tetracycline,Tetracycline,777730003,Tetracycline 250mg tablets,39704811000001109,O,,Access,Access
Tetracycline,Tetracycline,777730003,Tetracycline 2.2mg/ml topical solution,41748411000001102,,,Access,Access
Tetracycline,Tetracycline,777730003,Tetracycline 250mg capsules,39704711000001101,O,,Access,Access
Tetracycline,Tetracycline,777730003,Tetracycline 125mg/5ml oral solution,21407411000001104,O,,Access,Access
Tigecycline,Tigecycline,777769009,Tigecycline 50mg powder for solution for infusion vials,10328711000001100,P,,Reserve,Reserve
Tinidazole,Tinidazole,777775000,Tinidazole 500mg tablets,41956011000001104,O,,Other,Access
Tobramycin,Tobramycin,777791002,Tobramycin 200mg/5ml oral solution,35084911000001108,O,,Watch,Watch
Tobramycin,Tobramycin,777791002,Tobramycin 400mg/5ml oral solution,21717911000001100,O,,Watch,Watch
Tobramycin,Tobramycin,777791002,Tobramycin 135mg/5ml oral solution,21718511000001106,O,,Watch,Watch
Tobramycin,Tobramycin,777791002,Tobramycin sulfate powder,10824311000001107,,,Watch,Watch
Tobramycin,Tobramycin,777791002,Tobramycin 300mg/5ml nebuliser liquid ampoules,4145111000001102,Inhal.solution,,Watch,Watch
Tobramycin,Tobramycin,777791002,Tobramycin 80mg/2ml solution for injection vials,4145011000001103,P,,Watch,Watch
Tobramycin,Tobramycin,777791002,Tobramycin 80mg/2ml solution for infusion ampoules,35919811000001108,P,,Watch,Watch
Tobramycin,Tobramycin,777791002,Tobramycin 40mg/1ml solution for injection ampoules,35919711000001100,P,,Watch,Watch
Tobramycin,Tobramycin,777791002,Tobramycin 240mg/6ml solution for injection vials,4516011000001106,P,,Watch,Watch
Tobramycin,Tobramycin,777791002,Tobramycin 20mg/2ml solution for injection vials,34194211000001103,P,,Watch,Watch
Tobramycin,Tobramycin,777791002,Tobramycin 40mg/1ml solution for injection vials,4957911000001108,P,,Watch,Watch
Tobramycin,Tobramycin,777791002,Tobramycin 3mg/ml eye drops,14253311000001100,,,Watch,Watch
Tobramycin,Tobramycin,777791002,Tobramycin 300mg/4ml nebuliser liquid ampoules,14801411000001105,Inhal.solution,,Watch,Watch
Tobramycin,Tobramycin,777791002,Tobramycin 28mg inhalation powder capsules with device,19544811000001101,Inhal.powder,,Watch,Watch
Tobramycin,Tobramycin,777791002,Tobramycin 20mg/5ml oral solution,23676411000001103,O,,Watch,Watch
Tobramycin,Tobramycin,777791002,Tobramycin 40mg/5ml oral solution,32656811000001108,O,,Watch,Watch
Tobramycin,Tobramycin,777791002,Tobramycin 170mg/1.7ml nebuliser liquid ampoules,32936811000001108,Inhal.solution,,Watch,Watch
Tobramycin,Dexamethasone + Tobramycin,775502001,Dexamethasone 0.1% / Tobramycin 0.3% eye drops,42187711000001109,,,Watch,Watch
Trimethoprim,Polymyxin B + Trimethoprim,777247003,"Polymyxin B 10,000units/ml / Trimethoprim 1mg/ml eye drops",36017511000001105,,,Access,Access
Trimethoprim,Polymyxin B + Trimethoprim,777247003,"Polymyxin B 10,000units/g / Trimethoprim 5mg/g eye ointment",36017411000001106,,,Access,Access
Trimethoprim,Trimethoprim,777858001,Trimethoprim 100mg tablets,41956111000001103,O,,Access,Access
Trimethoprim,Trimethoprim,777858001,Trimethoprim 200mg tablets,41956211000001109,O,,Access,Access
Trimethoprim,Trimethoprim,777858001,Trimethoprim 50mg/5ml oral suspension sugar free,39022311000001100,O,,Access,Access
Trimethoprim,Trimethoprim,777858001,Trimethoprim 100mg/5ml solution for injection ampoules,36144011000001106,P,,Access,Access
Trimethoprim,Trimethoprim,777858001,Trimethoprim 200mg/5ml oral suspension,13374611000001102,O,,Access,Access
Trimethoprim,Trimethoprim,777858001,Trimethoprim 20mg/5ml oral suspension,13374811000001103,O,,Access,Access
Trimethoprim,Trimethoprim,777858001,Trimethoprim 240mg/5ml oral suspension,13375011000001108,O,,Access,Access
Trimethoprim,Trimethoprim,777858001,Trimethoprim 7mg/5ml oral suspension,13375211000001103,O,,Access,Access
Trimethoprim,Trimethoprim,777858001,Trimethoprim 200mg/5ml oral solution,13374511000001101,O,,Access,Access
Trimethoprim,Trimethoprim,777858001,Trimethoprim 20mg/5ml oral solution,13374711000001106,O,,Access,Access
Trimethoprim,Trimethoprim,777858001,Trimethoprim 240mg/5ml oral solution,13374911000001108,O,,Access,Access
Trimethoprim,Trimethoprim,777858001,Trimethoprim 7mg/5ml oral solution,13375111000001109,O,,Access,Access
Vancomycin,Vancomycin,777914002,Vancomycin 500micrograms/0.1ml solution for injection pre-filled syringes,40548411000001108,,,Watch,Watch
Vancomycin,Vancomycin,777914002,Vancomycin 2mg/0.1ml intravitreal injection kit,40529511000001103,,,Watch,Watch
Vancomycin,Vancomycin,777914002,Vancomycin 1.5g/530ml infusion bags,38345011000001109,P,,Watch,Watch
Vancomycin,Vancomycin,777914002,Vancomycin 2g/540ml infusion bags,38345111000001105,P,,Watch,Watch
Vancomycin,Vancomycin,777914002,Vancomycin 1g/250ml infusion bags,35054211000001106,P,,Watch,Watch
Vancomycin,Vancomycin,777914002,Vancomycin 1.5g/500ml infusion bags,35055311000001104,P,,Watch,Watch
Vancomycin,Vancomycin,777914002,Vancomycin 2g/500ml infusion bags,35055911000001103,P,,Watch,Watch
Vancomycin,Vancomycin,777914002,Vancomycin 10mg/2ml solution for injection pre-filled syringes,35048511000001100,P,,Watch,Watch
Vancomycin,Vancomycin,777914002,Vancomycin 50mg/10ml solution for injection pre-filled syringes,35049111000001102,P,,Watch,Watch
Vancomycin,Vancomycin,777914002,Vancomycin 1.25g/250ml infusion bags,35050611000001101,P,,Watch,Watch
Vancomycin,Vancomycin,777914002,Vancomycin 750mg/250ml infusion bags,35051211000001109,P,,Watch,Watch
Vancomycin,Vancomycin,777914002,Vancomycin 2.5mg/0.5ml solution for injection pre-filled syringes,28047511000001105,,,Watch,Watch
Vancomycin,Vancomycin,777914002,Vancomycin 20mg pastilles,22399111000001107,,,Watch,Watch
Vancomycin,Vancomycin,777914002,Vancomycin 500mg/100ml infusion bags,21276711000001101,P,,Watch,Watch
Vancomycin,Vancomycin,777914002,Vancomycin 1mg/0.1ml solution for injection pre-filled syringes,21277311000001102,,,Watch,Watch
Vancomycin,Vancomycin,777914002,Vancomycin 4mg/2ml solution for injection pre-filled syringes,21277911000001101,P,,Watch,Watch
Vancomycin,Vancomycin,777914002,Vancomycin 5mg/0.5ml solution for injection pre-filled syringes,21278311000001101,,,Watch,Watch
Vancomycin,Vancomycin,777914002,Vancomycin 5% eye drops preservative free,21272211000001107,,,Watch,Watch
Vancomycin,Vancomycin,777914002,Vancomycin 30mg/3ml solution for injection pre-filled syringes,21272811000001108,,,Watch,Watch
Vancomycin,Vancomycin,777914002,Vancomycin 20mg/4ml solution for injection pre-filled syringes,21273411000001102,,,Watch,Watch
Vancomycin,Vancomycin,777914002,Vancomycin 10mg/1ml solution for injection pre-filled syringes,21273811000001100,,,Watch,Watch
Vancomycin,Vancomycin,777914002,Vancomycin 1.4% eye drops preservative free,20983311000001106,,,Watch,Watch
Vancomycin,Vancomycin,777914002,Vancomycin 125mg capsules,41956311000001101,O,,Watch,Watch
Vancomycin,Vancomycin,777914002,Vancomycin 250mg capsules,41956511000001107,O,,Watch,Watch
Vancomycin,Vancomycin,777914002,Vancomycin 500mg powder for solution for infusion vials,41956611000001106,O,,Watch,Watch
Vancomycin,Vancomycin,777914002,Vancomycin 500mg powder for solution for infusion vials,41956611000001106,P,,Watch,Watch
Vancomycin,Vancomycin,777914002,Vancomycin 1g powder for solution for infusion vials,41956411000001108,O,,Watch,Watch
Vancomycin,Vancomycin,777914002,Vancomycin 1g powder for solution for infusion vials,41956411000001108,P,,Watch,Watch
Vancomycin,Vancomycin,777914002,Vancomycin 250mg/5ml oral solution,8818611000001100,O,,Watch,Watch
Vancomycin,Vancomycin,777914002,Vancomycin 250mg/5ml oral suspension,8818711000001109,O,,Watch,Watch
Vancomycin,Vancomycin,777914002,Vancomycin 50mg/5ml oral solution,12940811000001109,O,,Watch,Watch
Vancomycin,Vancomycin,777914002,Vancomycin 62.5mg/5ml oral solution,13455811000001106,O,,Watch,Watch
Vancomycin,Vancomycin,777914002,Vancomycin 125mg/5ml oral solution,15453011000001107,O,,Watch,Watch
Vancomycin,Vancomycin,777914002,Vancomycin 125mg/5ml oral suspension,15453111000001108,O,,Watch,Watch
Vancomycin,Vancomycin,777914002,Vancomycin 5% eye drops,21407511000001100,,,Watch,Watch
Vancomycin,Vancomycin,777914002,Vancomycin 1.4% eye drops,22103111000001101,,,Watch,Watch
